-- phpMyAdmin SQL Dump
-- version 4.0.4
-- http://www.phpmyadmin.net
--
-- Host: localhost
-- Generation Time: Apr 02, 2020 at 07:47 AM
-- Server version: 5.6.12-log
-- PHP Version: 5.4.16

SET SQL_MODE = "NO_AUTO_VALUE_ON_ZERO";
SET time_zone = "+00:00";


/*!40101 SET @OLD_CHARACTER_SET_CLIENT=@@CHARACTER_SET_CLIENT */;
/*!40101 SET @OLD_CHARACTER_SET_RESULTS=@@CHARACTER_SET_RESULTS */;
/*!40101 SET @OLD_COLLATION_CONNECTION=@@COLLATION_CONNECTION */;
/*!40101 SET NAMES utf8 */;

--
-- Database: `junketdb`
--
CREATE DATABASE IF NOT EXISTS `junketdb` DEFAULT CHARACTER SET latin1 COLLATE latin1_swedish_ci;
USE `junketdb`;

-- --------------------------------------------------------

--
-- Table structure for table `admin`
--

CREATE TABLE IF NOT EXISTS `admin` (
  `admin_id` varchar(12) NOT NULL,
  `admin_name` varchar(50) NOT NULL,
  `admin_password` varchar(20) NOT NULL,
  PRIMARY KEY (`admin_id`)
) ENGINE=InnoDB DEFAULT CHARSET=latin1;

--
-- Dumping data for table `admin`
--

INSERT INTO `admin` (`admin_id`, `admin_name`, `admin_password`) VALUES
('1', 'nirmal', 'nirmal2198'),
('2', 'prem', 'prem0612');

-- --------------------------------------------------------

--
-- Table structure for table `attraction`
--

CREATE TABLE IF NOT EXISTS `attraction` (
  `name` varchar(250) NOT NULL,
  `description` varchar(250) NOT NULL,
  `images` varchar(250) NOT NULL,
  `dest_id` varchar(255) NOT NULL,
  `destination` varchar(50) NOT NULL,
  UNIQUE KEY `name` (`name`,`description`,`images`,`dest_id`,`destination`)
) ENGINE=InnoDB DEFAULT CHARSET=latin1;

--
-- Dumping data for table `attraction`
--

INSERT INTO `attraction` (`name`, `description`, `images`, `dest_id`, `destination`) VALUES
('\r\nMP Wildlife Special- Land of Mowgli Packages 3 Nights 4 Days\r\n', 'Jabalpur(1N), Bandhavgarh(1N), Kanha(1N)', 'https://rimgak.mmtcdn.com/holidays/images/activitiesImages/kt1/ACT237126.jpg', '14', ''),
(' \r\nGlimpses of Madhya Pradesh - Bandhavgarh Edition Packages 5 Nights 6 Days\r\n', 'Wildlife safari in bandhavgarh and kanha national parks', 'http://d3r2e2rbfqve3u.cloudfront.net/wp-content/uploads/2016/05/Tiger4.jpg', '14', ''),
('Aguada Fort', '17th-century fortress & lighthouse', 'https://image3.mouthshut.com/images/imagesp/925752959s.jpg', '2', ''),
('Alappuzha', 'Best known for houseboat cruises along the rustic Kerala backwaters, a network of tranquil canals and lagoons.', 'https://wallpapercave.com/wp/wp2783293.jpg', '12', ''),
('Amber Palace', '16th-century hilltop fort & palace', 'https://t1.gstatic.com/images?q=tbn:ANd9GcRcqcHyySdQgpaFsXRGEcSwDmNy-p8kmg_zFOEay5G4Jp9OFDiMa6oq78foIdEjJ_B1Se707bG1g4R7tA', '9', ''),
('Assam-Kaziranga Tour', 'Guwahati-Kaziranga-Sightseeing-Guwahati', 'https://nenow.in/wp-content/uploads/2019/10/3-9-750x375.jpg\r\n', '15', ''),
('Athirappilly Falls', 'Popular destination with viewing areas.', 'https://upload.wikimedia.org/wikipedia/commons/thumb/8/81/The_View_of_the_Athirapally_Falls_during_the_onset_of_Monsoon.jpg/1024px-The_View_of_the_Athirapally_Falls_during_the_onset_of_Monsoon.jpg', '12', ''),
('Baga Beach', 'Best-known for its jet skiing, parasailing, banana ride and boating water-sports.', 'https://images.thrillophilia.com/image/upload/s--Ki5kqCeL--/c_fill,dpr_1.0,f_auto,fl_strip_profile,g_center,h_450,q_auto,w_753/v1/images/photos/000/039/872/original/1513669560_65329337.jpg.jpg', '2', ''),
('Barren Island', 'Volcano and scuba diving', 'https://www.thebetterindia.com/wp-content/uploads/2017/07/1big.jpg', '11', ''),
('Bhrigu Lake', 'High-altitude lake in the Himalayas', 'https://t1.gstatic.com/images?q=tbn:ANd9GcT2oHxd_HofXjH5y5dh4cgS6B1X7-y6CT_3i0K3OgEKSr-SSmnjzhAxdVuD66Cz2Fx34lvi_ZK-fpvAkA', '4', ''),
('Bom Jesus Basilica', 'The place in which the incorrupt body of St Francis Xavier is kept.', 'https://images.thrillophilia.com/image/upload/s--RZDMNlRp--/c_fill,dpr_1.0,f_auto,fl_strip_profile,g_center,h_450,q_auto,w_753/v1/images/photos/000/039/888/original/1507983216_Basilica-of-Bom-Jesus.png.jpg', '2', ''),
('Brindavan Gardens', 'Colorful gardens with a fountain show', 'https://starofmysore.com/wp-content/uploads/2017/02/Brindavan-Gardens.jpg', '8', ''),
('Calangute Beach', 'Among the top ten beaches in the world, which means it is one of the tourist places in Goa that should not be missed.', 'https://images.thrillophilia.com/image/upload/s--v4X5ldew--/c_fill,dpr_1.0,f_auto,fl_strip_profile,g_center,h_450,q_auto,w_753/v1/images/photos/000/039/884/original/1513669745_103818034-56a3bfc53df78cf7727f02bb.jpg.jpg', '2', ''),
('Chadar Trek', 'Popularly known for basically trekking over the frozen rivers.', 'https://www.holidify.com/images/cmsuploads/compressed/Gushing_blue_water_in_Chadar_trek_20190930131234.jpg', '7', ''),
('Chandraprabhu temple', 'Jain temple', 'https://t3.gstatic.com/images?q=tbn:ANd9GcTUGvWEo40-lfVNUnm488mCGZQCWc0Xs01RsYL8UExU6F6iZGKIbZ9CMWCxldEXVh5yFtVKWHkt6-rw9g', '10', ''),
('City Palace', 'Lakeside complex built over 200 years', 'https://t2.gstatic.com/images?q=tbn:ANd9GcRlxcTmcVRUoCeruGBm27YeRSSqhnpfYu7a2jAQEq8AfBEbVOkzuHkJmJql58kZcDIIW7toe1O9YMz6pQ', '1', ''),
('City Palace, Jaipur', 'Lavish 1700s palace complex & museum', 'http://www.beautiful-jaipur.com/wp-content/uploads/2019/07/city-palace-jaipur-1.jpg', '9', ''),
('Corbett Fun Tour', 'Arrive Ramnagar - Transfer to wildlife Resort-Enjoy Jungle Safari & Sightseeing', 'http://indiagetaways.co.in/wp-content/uploads/2015/07/A-view-from-Jim-Corbett-National-Park-Source-mouthshut.jpg', '16', ''),
('Corbett Holiday Tour', 'Corbett National Park-Jungle safari & Sightseeing-Corbett National Park to Delhi ', 'https://travelntrek.in/wp-content/uploads/2019/06/Jim-Corbett-National-Park-Trip.jpg', '16', ''),
('Desert National Park', 'Desert, wildlife, safari, birdwatching, and camel', 'https://t0.gstatic.com/images?q=tbn:ANd9GcTikC7oGaB1Qz2ihKQvtZVG4i3sJJrunU6DiP87jYu4YiVEMih891Bbh79kcJRqvjG_Tm-RFQFBO-sNzw', '10', ''),
('Devaraja Market', 'Shooping ', 'https://starofmysore.com/wp-content/uploads/2018/11/devaraj-market.jpg', '8', ''),
('Diu Fortress', '16th-century sandstone Portuguese fort.', 'https://t1.gstatic.com/images?q=tbn:ANd9GcTsw1SwzSOu1vNzNlUrqz8E1UT_BjwDArVzTJH1pS-Gqdgk9ppDCE1NXyyRDkVAaJbfm2H1KF2qjQIlTA', '3', ''),
('Doddabetta Peak', 'High-elevation mountain & forest reserve', 'https://t1.gstatic.com/images?q=tbn:ANd9GcTZijafbPYqVkebekorvzENdV732G3ZWxpY5B_cqhug-LHbzT_Xo-dETT71EkxDGacie6hH3KhKpwXjOQ', '5', ''),
('Dudhsagar Falls', '600m-high waterfall on the Mandovi River', 'https://dmgupcwbwy0wl.cloudfront.net/system/images/000/337/943/c5b2e5179dd204e888afd54e504c0167/original/10887118_825045484234073_3548091232890005361_o-1024x656.jpg?1566490498', '2', ''),
('EME Temple', 'Hindu temple built as a geodesic dome.', 'https://img1.holidayiq.com/destreviewimages/1512632947_rotates_shareiq_297_1508589238.877558.jpg', '17', ''),
('Eravikulam National Park', 'Views and wild goats in lush setting', 'http://eizytravel.com/wp-content/uploads/2018/02/munnarss-1040x450.jpg', '12', ''),
('Fateh Sagar Lake\r\n', 'Historic reservoir with island parks', 'https://t3.gstatic.com/images?q=tbn:ANd9GcSWJMyAzN-q-tB6XwVVYiMBpZB3QjObLi-gBFB5UzBiie8NIAnQBehfGwdtmGT_mbG3tR4qM0fObFBr2g', '1', ''),
('Ghum Monastery', 'Tibetan Buddhist monastery built in 1875', 'https://thenomadicguy.files.wordpress.com/2015/08/ghoom-monastery-darjeeling.jpeg?w=620&h=412', '6', ''),
('Gir Fun Tour', 'Customized tour package of 01 Night and 02 Days offers you a chance to spot the majestic lions along with 606 different species of plants in the Gir Forest. ', 'https://www.girnationalpark.in/images/banner.jpg', '13', ''),
('Government Rose Garden', 'Manicured grounds with rose varieties', 'https://t0.gstatic.com/images?q=tbn:ANd9GcQWvvcVJiJ2BFva5ksp5RKc5ANpok7JqA7e91-hd2gedsBfCmmAjQJCjdgoaxmT5TciIF9Srw5fdij16Q', '5', ''),
('Hawa Mahal', 'Pink/red sandstone ''Palace of the Winds''', 'https://t0.gstatic.com/images?q=tbn:ANd9GcTh-XETdl6aUe3ye1bIiSKvNhr-V13_-aUu8EJXftRBMeuv3VEAm56Pl_w-dMTS8RG3RAyaPAYrk2sF8A', '9', ''),
('Hidimba Devi Temple', 'Historic wooden Hindu temple in a forest', 'https://upload.wikimedia.org/wikipedia/commons/thumb/9/99/Hidimba_Devi_Temple_-_North-east_View_-_Manali_2014-05-11_2648-2649.TIF/lossy-page1-800px-Hidimba_Devi_Temple_-_North-east_View_-_Manali_2014-05-11_2648-2649.TIF.jpg', '4', ''),
('INS Khukri Memorial\r\n', 'Memorial to the crew of a sunken warship', 'https://www.gosahin.com/go/p/g/1566058202_ins-khukri-war-memorial-1.jpg', '3', ''),
('ISKCON Vadodara', 'Hare Krishna temple with a restaurant', 'https://www.holidify.com/images/cmsuploads/compressed/vado_slideshow_20190414211112.jpg', '17', ''),
('Jaisalmer Fort', 'Majestic desert fort with ornate temples', 'https://t1.gstatic.com/images?q=tbn:ANd9GcRYf3xpN-RVPMAq--Cd0qRzXyggbGUwAHzyEQk3Iw3smKplcsneD_KCyRHpLc-A5paeUbmt7TYZpZpQAw', '10', ''),
('Jalandhar Beach\r\n', 'Scenic beach with al fresco dining', 'https://edge.ixigo.com/img/jallandhar-beach-images-photos-51360365831478369ab3d060.jpg', '3', ''),
('Jeep Safari in Gir National Park', 'Jeep drive takes you deep in to the rich variety of flora and fauna which is an abode of 40 species of mammals 425 species of birds.', 'https://cdn.s3waas.gov.in/s3470e7a4f017a5476afb7eeb3f8b96f9b/uploads/bfi_thumb/2018071791-nt8v7qjaoml4p906011tp8dtw0xp0m6wezv7v85mru.jpg', '13', ''),
('Jogini Falls', 'Scenic, sacred waterfall with shrines', 'https://ui.cltpstatic.com/camp/images/ai/000/960/348/960348/published/w/jogini-waterfall-trek-with-vivek---4-hours-1550646524-1.jpg', '4', ''),
('Kanchanjanga', 'Hill station', 'https://thumbs.dreamstime.com/b/mount-kanchenjunga-range-himalayas-first-light-sunrise-sikkim-india-mount-kanchenjunga-range-himalayas-104512447.jpg', '6', ''),
('Karni Mata Temple', 'Hindu temple with an idol of Karni Mata', 'https://t0.gstatic.com/images?q=tbn:ANd9GcQCDDTktJU7rK8ayaHRHeEAVV7UprOtUh_bIboQvJmKdkoc1L8wx5QxjcUGzwl7zPYmGeVZ2iojoNhivg', '1', ''),
('Kaziranga Weekend Package', 'Guwahati-Kaziranga-Guwahati', 'https://www.kaziranga-national-park.com/wp-content/themes/kaziranga/gallery/knp-24-big.jpg', '15', ''),
('Khardung La Pass', 'Drive at the highest civilian motor road.', 'https://www.holidify.com/images/cmsuploads/compressed/1280px-Khardungla_Top2C_Ladakh_20200112185533.JPG', '7', ''),
('Kovalam', 'Lighthouse beach and Vizhinjam Mosques', 'https://www.holidify.com/images/bgImages/KOVALAM.jpg', '12', ''),
('Lake Pichola', 'Artificial lake with island palaces', 'https://www.holidify.com/images/cmsuploads/compressed/shutterstock_536597029_20190606160921_20190606161228.jpg', '1', ''),
('Lakshmi Vilas Palace\r\n', 'Extravagant palace with tours & a museum', 'https://www.gujarattourism.com/file-manager/photo-gallery/1432711194-lukshmi-vilas-palace-night-shot.jpg', '17', ''),
('Magnetic Hill', 'Popularly known as Gravity hill where vehicles defy the force of gravity and move upwards on the hill when parked at the marked location.', 'https://knowtifyindia.com/wp-content/uploads/2019/02/Magnetic-Hill.jpg', '7', ''),
('Mall Road', 'Shopping', 'https://images.unsplash.com/photo-1516406742981-2b7d67ec4ae8?ixlib=rb-1.2.1&ixid=eyJhcHBfaWQiOjEyMDd9&auto=format&fit=crop&w=750&q=80', '4', ''),
('Man Sagar Lake', 'Old man-made lake with a palace', 'https://hellotravel.gumlet.com/images/things2do/738X538/ttd_201812191706181545219378924020t.jpg?w=800&dpr=1.0', '9', ''),
('Mariamman temple', 'Hindu temple', 'https://www.protraveloholic.com/wp-content/uploads/2018/12/Mariamman-Temple.jpg', '5', ''),
('Murugan Temple', 'Hindu temple', 'https://c1.hiqcdn.com/customcdn/1300x512/destreviewimages/1484544909_rotates_shareiq_490_1484536061.779341.JPG', '5', ''),
('Mysore Palace', 'Indo-Saracenic architecture with lights', 'https://t3.gstatic.com/images?q=tbn:ANd9GcRSImGzP89UEOgLlkSZObIRM0t4qfH3sddnbPpBxvtPYOi-HUmt5_dJcNEVgqk_LiVJrtVQnmL4ZILSGg', '8', ''),
('Naida Caves', 'Cave system with natural rock formations', 'https://t6v9u2w5.stackpathcdn.com/wp-content/uploads/2016/06/Naida-Caves1-1024x768.jpg?x50138', '3', ''),
('Nubra Valley', 'Valley with villages & a monastery', 'https://t1.gstatic.com/images?q=tbn:ANd9GcQxQ-Dc92m69zqgbZlDVi942YcsEV8EUDaPs-fFs27AoLu8KzNOVHp7fLLyOQjB4XZhqzAXTdce-s_jFg', '7', ''),
('Ooty hills station', 'Tourist attraction', 'https://image3.mouthshut.com/images/imagesp/925004353s.jpg', '5', ''),
('Padmaja Naidu Himalayan Zoological', 'Zoological park with endangered species', 'https://upload.wikimedia.org/wikipedia/commons/thumb/6/6c/Padmaja_Naidu_Himalayan_Zoological_Park_in_Darjeeling.jpg/800px-Padmaja_Naidu_Himalayan_Zoological_Park_in_Darjeeling.jpg', '6', ''),
('Pangong Tso Lake', 'The breathtakingly beautiful lake of Leh-Ladakh.', 'https://www.gosahin.com/go/p/a/1515867134_Pongong-Lake1.jpg', '7', ''),
('Peace Pagoda', 'Buddhist temple in a tranquil locale', 'https://t3.gstatic.com/images?q=tbn:ANd9GcSkG4NorYVNhEkIH6lyJ0XPp7w8hSLWbIhxWHdp28pxQmPHuhn0BF2cUaDE4uAu_n9FmErt4Auscx4RCA', '6', ''),
('Radhanagar Beach', 'Tree-lined staple for swimming & diving', 'https://t0.gstatic.com/images?q=tbn:ANd9GcTGUyZUayLl46mBFpl1kOlbm0Jp3w2VIaTt6YMp0XQFzPi1lnrQeMCPYajWLZBOx-ocAZx2dubJNbZdPw', '11', ''),
('Ranganathittu Bird Sanctuary', 'Wildlife preserve on 6 river islets', 'https://upload.wikimedia.org/wikipedia/commons/thumb/b/b1/Painted_Stork.jpg/1200px-Painted_Stork.jpg', '8', ''),
('Saddle Peak', 'Mountain', 'http://www.indiastudychannel.com/attachments/Resources/128718-9836-saddle-peak.jpg', '11', ''),
('Saheliyon-ki-Bari\r\n', 'Regal garden with fountains & a museum.', 'http://www.udaipurblog.com/wp-content/uploads/2013/06/Saheliyon-Ki-Bari-Panorama.jpg', '1', ''),
('Sayaji Baug', 'Vast garden with a museum, train & zoo', 'https://c1.hiqcdn.com/customcdn/1300x512/destreviewimages/shareiq__1456487796.435536.jpg', '17', ''),
('Sea Link Adventures - Sea walk', 'Scuba tours through coral reefs', 'http://www.sportsphere.in/image/cache/data/Sea%20Link%20Adventures%20(%20Sea%20Walks)/Sea_Link_Adventures_1-1200x700.jpg', '11', ''),
('Sevasi Vav (Step Well)', 'Step Well', 'https://historyofvadodara.in/wp-content/uploads/Vav-Stepwell.jpg', '17', ''),
('Sheesh Mahal\r\n', 'Amber Fort area with ornate mirrorwork', 'https://qphs.fs.quoracdn.net/main-qimg-33eb13a367033330243c4b9030728f38', '9', ''),
('Solang Valley', 'Ecological park', 'https://t3.gstatic.com/images?q=tbn:ANd9GcQPngYjLS2A-aZwM3MyhJbNye5PfBYNJA3KoVKGamvZ696K4UUQIdx6xUstL6umn3CWeBATZAC0xVM0ig', '4', ''),
('Sri Chamundeshwari Devi Temple', 'Landmark Hindu temple with scenic views', 'https://www.templepurohit.com/wp-content/uploads/2015/04/Sri-Chamundeshwari-Temple-Mysore.jpg', '8', ''),
('St. Paul''s Church', 'Best examples of baroque architecture in India built by Portugese.', 'https://t3.gstatic.com/images?q=tbn:ANd9GcTO7dg2YgXag9-9vfr_PZaku0b94iN4dPe0a-QGNGdTM0xPaECvL_ocnTiRJ84Yje7mL5aIyolwoHpNYg', '3', ''),
('Swaraj Dweep', 'Elephant Beach, dive sites & birdlife', 'https://www.andamanbluebay.com/media/pages/Swaraj%20Dweep%20Island%20in%20Andaman,%20Former%20Havelock%20Island.jpg', '11', ''),
('Tanot Rai Mata Mandir', 'Historic Hindu temple with a war museum', 'https://i10.dainikbhaskar.com/thumbnails/730x548/web2images/religion.bhaskar.com/2018/02/18/tanot_mata_1_1518939149.jpg', '10', ''),
('Tiger Hill', 'Staple for mountain & sunrise views', 'https://image3.mouthshut.com/images/Restaurant/Photo/-56752_10974.jpg', '6', ''),
('Tilon Ki Pol Gadisar Lake', 'Picturesque gateway to Gadisar Lake', 'https://t1.gstatic.com/images?q=tbn:ANd9GcSQ4qPd8QBjeqSOa1Qe1vgVQ1i8O3Y9HZ94k8cpOyJ2jiW3gwp_v7kfuxBuR8e79dOX8cqaVxEMz1jdWw', '10', ''),
('Vembanad Lake', 'India''s longest lake with a bird reserve.', 'https://upload.wikimedia.org/wikipedia/commons/thumb/e/ee/House_Boat_DSW.jpg/1200px-House_Boat_DSW.jpg', '12', '');

-- --------------------------------------------------------

--
-- Table structure for table `booking`
--

CREATE TABLE IF NOT EXISTS `booking` (
  `booking_id` varchar(12) NOT NULL,
  `hotel_id` varchar(12) NOT NULL,
  `room_id` varchar(12) NOT NULL,
  `user_id` varchar(12) NOT NULL,
  `user_name` varchar(255) NOT NULL,
  `destination` varchar(255) NOT NULL,
  `contact_no` varchar(255) NOT NULL,
  `email` varchar(255) NOT NULL,
  `room_price` varchar(255) NOT NULL,
  `addcharge_price` varchar(50) NOT NULL COMMENT 'Servive Charges ',
  `payamount_price` varchar(50) NOT NULL COMMENT 'Total ',
  `checkin_date` varchar(255) NOT NULL,
  `checkout_date` varchar(255) NOT NULL,
  `adults` varchar(50) NOT NULL,
  `kids` varchar(50) NOT NULL,
  `totalnight` varchar(255) NOT NULL,
  `totalrooms` varchar(255) NOT NULL,
  `srno` int(12) NOT NULL AUTO_INCREMENT,
  PRIMARY KEY (`srno`)
) ENGINE=InnoDB  DEFAULT CHARSET=latin1 AUTO_INCREMENT=7 ;

--
-- Dumping data for table `booking`
--

INSERT INTO `booking` (`booking_id`, `hotel_id`, `room_id`, `user_id`, `user_name`, `destination`, `contact_no`, `email`, `room_price`, `addcharge_price`, `payamount_price`, `checkin_date`, `checkout_date`, `adults`, `kids`, `totalnight`, `totalrooms`, `srno`) VALUES
('B001', '1', 'R101', 'U0004', 'Harsh', 'Chennai', '87965622554', 'harsh@gmail.com', '4800', '480', '5280', '01-01-2020', '04-01-2020', '', '', '3', '1', 1),
('B002', 'H02', 'R101', 'U0003', 'Rajiv', 'Mumbai', '8152601452', 'rajiv@gmail.com', '7800', '780', '8580', '05-01-2020', '09-01-2020', '', '', '4', '1', 2),
('B005', 'H01', 'R303', 'U5005', '', 'Manali', '9427505002', 'nirmal.dmpatel@gmail.com', '5200', '240', '5440', '28-02-2020', '03-03-2020', '5', '1', '4', '3', 3),
('B005', 'H01', 'R303', 'U5005', 'nirmal', 'Manali', '9427505002', 'nirmal.dmpatel@gmail.com', '5200', '240', '5440', '28-02-2020', '03-03-2020', '5', '1', '4', '3', 4),
('B005', 'H01', 'R303', 'U5005', 'nirmal', 'Manali', '9427505002', 'nirmal.dmpatel@gmail.com', '5200', '240', '5440', '28-02-2020', '03-03-2020', '5', '1', '4', '3', 5),
('B1321583630', '7', 'R105', '3', 'Gautam', 'Goa', '6585689801', 'g@gmaul.com', '88800.0', '8880.0', '97680.0', '2020-04-05', '2020-04-08', '6', '2', '3', '4', 6);

-- --------------------------------------------------------

--
-- Table structure for table `complain`
--

CREATE TABLE IF NOT EXISTS `complain` (
  `comp_id` int(12) NOT NULL,
  `hotel_id` int(11) NOT NULL,
  `comp_date` varchar(12) NOT NULL,
  `user_id` varchar(12) NOT NULL,
  `comp_detail` varchar(250) NOT NULL,
  `comp_status` varchar(15) NOT NULL,
  `comp_type` varchar(12) NOT NULL COMMENT 'Complaint or Feedback',
  `srno` int(12) NOT NULL AUTO_INCREMENT,
  PRIMARY KEY (`srno`)
) ENGINE=InnoDB  DEFAULT CHARSET=latin1 AUTO_INCREMENT=9 ;

--
-- Dumping data for table `complain`
--

INSERT INTO `complain` (`comp_id`, `hotel_id`, `comp_date`, `user_id`, `comp_detail`, `comp_status`, `comp_type`, `srno`) VALUES
(2, 0, '2020-01-12', '45', 'not good', '', 'F', 3),
(3, 0, '2020-01-12', '45', 'not good', 'regis', 'C', 4),
(501, 0, '2020-01-01', '448', 'The room in XYZ hotel was not clean.', '', 'C', 5),
(502, 1, '2019-12-24', '3', 'the staff was amiable.', '', 'F', 6),
(503, 1, '2020-01-06', '3', 'The manager had many issues with us', '', 'F', 7),
(4, 1, '02-01-2020', 'U0004', 'The room was not clean and there was presence of insects in the bathroom.', 'Pending', 'C', 8);

-- --------------------------------------------------------

--
-- Table structure for table `destination`
--

CREATE TABLE IF NOT EXISTS `destination` (
  `dest_id` int(255) NOT NULL AUTO_INCREMENT,
  `dest_name` varchar(255) NOT NULL,
  `description` varchar(255) NOT NULL,
  `latitude` varchar(25) NOT NULL,
  `longitude` varchar(25) NOT NULL,
  `images` varchar(250) NOT NULL,
  `tag` varchar(255) NOT NULL,
  PRIMARY KEY (`dest_id`)
) ENGINE=InnoDB  DEFAULT CHARSET=latin1 AUTO_INCREMENT=18 ;

--
-- Dumping data for table `destination`
--

INSERT INTO `destination` (`dest_id`, `dest_name`, `description`, `latitude`, `longitude`, `images`, `tag`) VALUES
(1, 'Udaipur', 'A top notch place for people who love to get lost amidst ancient folks.', '24.5854° N', '73.7125° E', 'https://upload.wikimedia.org/wikipedia/commons/6/6f/Evening_view%2C_City_Palace%2C_Udaipur.jpg', 'Fort and Palaces,8-12 days,5000-12000,Cultural walk-for museums,Family Trip'),
(2, 'Goa', 'Perfect place to enjoy with friends', '15.2993° N', '74.1240° E', 'https://www.cleartrip.com/collections/wp-content/uploads/2018/04/top-10-tourist-places-goa-header.jpg', 'Beach Side,3-7 days,less than 2000,Shopping,Friends Trip'),
(3, 'Diu', 'A perfect destination to enjoy.', '20.7144° N', '70.9874° E', 'https://cdn1.goibibo.com/india-daman-and-diu-147794617398o.jpg', 'Beach Side,3-7 days,less than 2000,Shopping,Friends Trip'),
(4, 'Manali', 'A place for romantic trips.', '32.2432° N', '77.1892° E', 'https://www.holidify.com/images/bgImages/MANALI.jpg', 'Hill station,3-7 days,5000-12000, Adventure & Hiking, Romantic trip'),
(5, 'Ooty\r\n', 'A perfect place for nature lovers. Known as Queen of the Nilgiris. ', '11.4131° N', '76.6960° E', 'https://www.holidify.com/images/bgImages/OOTY.jpg', 'Hill Station,3-7 days,more than 12000,Shopping,Family Trip'),
(6, 'Darjeeling\r\n', 'A place for nature and serenity lovers.', '27.0410° N', '88.2663° E', 'https://www.holidify.com/images/bgImages/DARJEELING.jpg', 'Hill station,3-7 days,more than 12000,Shopping,Romantic trip'),
(7, 'Leh Ladakh\r\n', 'A place for Romantic trip.', '34.1526° N', '77.5771° E', 'https://www.holidify.com/images/bgImages/LADAKH.jpg', 'Hill Station,3-7 days,more than 12000,Adventure & Hiking, Romantic trip'),
(8, 'Mysore', 'Perfect place to enjoy nature with family', '12.2958° N', '76.6394° E', 'https://www.holidify.com/images/bgImages/MYSORE.jpg', 'Fort and Palaces,3-7 days,5000-12000,Cultural walk -for museums,Family Trip'),
(9, 'Jaipur', 'Known as the Pink City, it is place for heritage and culture lovers.', '26.9124° N', '75.7873° E', 'https://www.holidify.com/images/bgImages/JAIPUR.jpg', 'Fort and Palaces,3-7 days,2000-5000,Cultural walk -for museums,Family trip'),
(10, 'Jaisalmer\r\n', 'Place for history and culture lovers.', '26.9157° N', '70.9083° E', 'https://www.holidify.com/images/bgImages/JAISALMER.jpg', 'Fort and Palaces,3-7 days,2000-5000,Cultural walk -for museums,Family trip'),
(11, 'Andaman & Nicobar', 'A perfect place for beach lovers.', '11.7401° N', '92.6586° E', 'https://seoimgak.mmtcdn.com/blog/sites/default/files/images/havelock-beach-holiday.jpg', 'Beach Side,3-7 days,8000-12000,Adventure & Hiking,Friends Trip'),
(12, 'Kerala', 'Known as God''s Own Country is a place for perfect family trip.', '10.8505° N', '76.2711° E', 'https://www.holidify.com/images/bgImages/ALLEPPEY.jpg', 'Beach Side,3-7 days,2000-5000,Shopping,Family Trip'),
(13, 'Sasan-Gir Wildlife Sanctuary', 'This is the only place in the world where you can see Asiatic lions.', '21.1243° N', '70.8242° E', 'https://www.holidify.com/images/bgImages/GIR-NATIONAL-PARK.jpg', 'Wildlife and Forest,less than 2 days,less than 2000,Adventure & Hiking,Friends Trip'),
(14, 'Bandhavgarh National Park\r\n', 'Formerly a hunting ground for the Maharajas of Rewa, this National Park is world-renowned as a tiger reserve. ', '23.7224° N', '81.0242° E', 'https://www.holidify.com/images/bgImages/BANDHAVGARH-NATIONAL-PARK.jpg', 'Wildlife and Forest,3-7 days,2000-5000,Adventuure & Hiking,Solo Trip'),
(15, 'Kaziranga National Park', 'It is home to largest population of One Horned Rhinoceros in the world.', '26.5775° N', '93.1711° E', 'https://www.holidify.com/images/compressed/3332.jpg?v=1.1', 'Wildlife and Forest,3-7 days,5000-12000 ,Adventure & Hiking,Solo Trip'),
(16, 'Jim Corbett National Park', 'India’s best known wildlife parks, being Asia’s very first National Park.Besides tigers, there are Serow, Goral, Himalayan Tahr among other fascinating wild species.', '29.5300° N', '78.7747° E', 'https://www.holidify.com/images/compressed/85.jpg', 'Wildlife and Forest,less than 2 days,2000-5000,Adventure & Hiking,Solo Trip'),
(17, 'Vadodara', ' Home to some of the most exemplary displays of architecture, Vadodara is a fitting memorial to Maratha leader Sayaji Rao Gaekwad III who had envisioned a dream to make this Big City an educational, industrial and commercial centre.', '22°19''23.3"N', '73°15''12.9"E', 'https://image3.mouthshut.com/images/imagesp/925814302s.jpg', 'Fort and Palaces,3-7 days,2000-5000,Cultural walk -for museums,Family trip');

-- --------------------------------------------------------

--
-- Table structure for table `events`
--

CREATE TABLE IF NOT EXISTS `events` (
  `name` varchar(250) NOT NULL,
  `type` varchar(250) NOT NULL,
  `price` varchar(250) NOT NULL,
  `description` varchar(250) NOT NULL,
  `images` varchar(250) NOT NULL,
  `destination` varchar(250) NOT NULL
) ENGINE=InnoDB DEFAULT CHARSET=latin1;

-- --------------------------------------------------------

--
-- Table structure for table `hotelier`
--

CREATE TABLE IF NOT EXISTS `hotelier` (
  `hotel_id` int(12) NOT NULL AUTO_INCREMENT,
  `hotelier_name` varchar(50) NOT NULL,
  `hotelier_password` varchar(255) NOT NULL,
  `hotelier_type` varchar(25) NOT NULL,
  `city` varchar(50) NOT NULL,
  `hotelier_address` varchar(255) NOT NULL,
  `longitude` varchar(25) NOT NULL,
  `latitude` varchar(25) NOT NULL,
  `description` varchar(250) DEFAULT NULL,
  `contact` varchar(50) NOT NULL,
  `hotelier_email` varchar(255) NOT NULL,
  `rating` varchar(5) DEFAULT NULL,
  `amenities` varchar(250) NOT NULL,
  `offers` varchar(250) DEFAULT NULL,
  `image` varchar(255) NOT NULL,
  `website` varchar(255) NOT NULL,
  `min_price` varchar(255) NOT NULL,
  `max_price` varchar(255) NOT NULL,
  `hotelier_tags` varchar(255) NOT NULL,
  PRIMARY KEY (`hotel_id`)
) ENGINE=InnoDB  DEFAULT CHARSET=latin1 AUTO_INCREMENT=56 ;

--
-- Dumping data for table `hotelier`
--

INSERT INTO `hotelier` (`hotel_id`, `hotelier_name`, `hotelier_password`, `hotelier_type`, `city`, `hotelier_address`, `longitude`, `latitude`, `description`, `contact`, `hotelier_email`, `rating`, `amenities`, `offers`, `image`, `website`, `min_price`, `max_price`, `hotelier_tags`) VALUES
(1, 'Royal Orchid', 'royal_orchid', '4', 'Vadodara', 'Mujmahuda Rd, Pratham Avenue, Akota, Vadodara', '22.286892', '73.168939', 'Not just for archaeological fans, Vadodara is a city of interest for many travelers. Known for its rich culture, glorious past and royal traditions, this city is a perfect location for a quick escapade. Royal Orchid Central, Vadodara is located near ', '0265-2358679', 'help_regenta@gmail.com', '4.3', 'Swimming pool, Gym , Lavish rooms ', NULL, 'https://encrypted-tbn0.gstatic.com/images?q=tbn%3AANd9GcReAoQK8P9vI1URUII0kqXXfp-5asTz24qLBz7WwoQ77dLeP6Jl', 'https://www.royalorchidhotels.com/', '3326', '5600', 'lavish\r\nIn city\r\nMeeting Friendly\r\nConference Room\r\n'),
(2, 'roay orchid', 'royalorchid', '4', 'Vadodara', 'Mujhmuda road', '22.286892', '72.56698', 'Lavish in-city hotel with ample of comfort', '0265-235871', 'royalorchidhotels@gmail.com', '5', 'Pool\r\nConference Room\r\nBanquote Hall (500 pax)\r\nPet Friendly', '10% discount for newly weds', 'https://encrypted-tbn0.gstatic.com/images?q=tbn%3AANd9GcReAoQK8P9vI1URUII0kqXXfp-5asTz24qLBz7WwoQ77dLeP6Jl', 'regentahotels.com', '3200', '5799', 'In-City\r\nHoneymoon\r\nAmbience\r\n\r\n\r\n\r\n\r\n\r\n\r\n\r\n\r\n\r\n\r\n\r\n\r\n\r\n\r\n\r\n\r\n\r\n\r\n\r\n\r\n\r\n\r\n\r\n\r\n\r\n\r\n\r\n\r\n\r\n\r\n\r\n\r\n\r\n\r\n\r\n'),
(3, 'Hotel Inder Prakash', 'inderprakash', '', 'Udaipur', '281, Fatehsagar Lake Rani Road Fatehsagar Lake, Udaipur 313001 India', '24°35''31.4"N', '73°40''20.0"E', 'The hotel is situated with an easy access to the famous tourist sightseeing places like Saheliyon Ki Bari, Sukhadia Circle,Lok kala Mandal & Lake Fateh-Sagar.', ' 0294-2430446', 'hotelinderprakash.com', '3.0', 'Free Wi-fi, Doctor on call, Money exchange, Travel desk, Car rental, Power back-up, Spa service,Tea-Coffee Maker On Request, Same day laundry service.', NULL, 'http://staging.webyot.com/hotel/uploads/compressed/5d8d3112d2d30cbf42c03f9292384f7a1472020255.jpg', 'hotelinderprakash.com', '3450', '6541', 'In-city, Ambience, Roof-top Resturant'),
(4, 'Lake Pichola Hotel ', 'picholahotel', '', 'Udaipur', 'Piplia Haveli\r\nLake Pichola Hotel\r\nOutside Chand Pole, Udaipur - 313001, \r\nRajasthan, India.', '24°34''46.1"N', '73°40''49.5"E', 'Lake Pichola Hotel is a beautiful hotel on the western banks of Pichola Lake. Most of the rooms have have balconies hanging on the lake overlooking the majestic palaces and the walled city of Udaipur.', '294 2431465,', 'info@lakepicholahotel.in', '4.3', 'Airport/Station Transfers Arrangement,Free Parking,Secretarial Services,Car rental,Swimming Pool,Laundry and Dry Cleaning,Babysitter on Call,Yoga and Sun Bathing Deck,Horse Safaris', NULL, 'http://www.lakepicholahotel.in/wp-content/uploads/2017/03/FACADE.jpg', 'lakepicholahotel.in', '4852', '12987', 'In-city,Ambience,River View,Business,Roof-top Terrace'),
(5, 'Jaiwana Haveli', 'jaiwanahaveli', '', 'Udaipur', 'Jaiwana Haveli\r\n14 - Lal Ghat, Near Jagdish Chowk\r\nUdaipur - 313001, Rajasthan - India', '24°34''45.7"N', '73°40''59.7"E', 'The hotel is in easy walking distance to all popular monuments,the Pichola lake,bazaars,gardens and restaurants. It''s situated in a very popular locality called ''Lalghat'' on eastern shore of the Pichola lake.', '9928393339', 'info@jaiwanahaveli.com', '4.5', 'Restaurant,Laundry,Doctor on call,Internet Access,Shopping Arcade,Foreign Exchange,Horse Safari,Cooking Classes,Painting Classes', NULL, 'https://www.hoteldekho.com/room_images/hoteldekhox800_5718c24c7a161jaiwana-haveli-udaipur-b2.jpg', 'www.jaiwanahaveli.com', '3425', '5495', 'Roof-top Terrace,Value,Centrally Located'),
(6, 'BloomSuites,Calangute', 'bloomsuitecalangute', '', 'Goa', 'Naikawaddo, Opp Cafe Coffee Day, Calangute Bardez, Goa - 403516, India', '15°32''24.6"N', '73°45''49.4"E', 'BloomSuites,Calangute is ideally situated on the Calangute - Candolim road & diagonally opposite Café Coffee Day, you can''t get closer to the action.', '832 2281 900', 'help@staybloom.com', '4.5', 'Free WiFi,Free breakfast,Conference facilities,Pool,Taxi service,Currency exchange,Express check-in / check-out,Laundry service,Dry cleaning', NULL, 'https://media-cdn.tripadvisor.com/media/photo-w/11/be/a7/57/bloomsuites-calangute.jpg', 'staybloom.com/hotellanding/goa-bloomsuites-calangute', '3497', '8063', 'Business,Honeymoon,Centrally located to many beaches'),
(7, 'Lemon Tree Amarante Beach Resort', 'lemontreegoa', '', 'Goa', 'Vadi, Candolim, Bardez, Goa 403515', '15°31''07.1"N', '73°46''02.8"E', 'Ideal for both leisure travelers and business travelers on an offsite, Lemon Tree Amarante Beach Resort has been designed to evoke the poetry, history and romance of 15th century Portugal.', '832 6648188', 'hi.go@lemontreehotels.com', '4.5', 'Poolside bar,Car hire,Business Centre with Internet Access,Conference facilities,Meeting rooms,Spa,Fitness Centre with Gym,Free parking,Free internet\r\n', NULL, 'https://media-cdn.tripadvisor.com/media/oyster/890/0b/3f/a6/b3/entrance--v12341864.jpg', 'lemontreehotels.com/lemon-tree-hotel/goa/amarante-goa', '4385', '12076', 'Centrally Located,Trendy,Business,Leisure traveller,'),
(8, 'Country Inn & Suites by Radisson', 'countryinngoa', '', 'Goa', 'Plot No. 31 EDC Patto Plaza, Panjim403001, India', '15°29''51.0"N', '73°50''05.8"E', 'With location off NH 66, the Country Inn & Suites by Radisson, Goa Panjim keeps you close to the heart of Goa. ', '832 674 0001', 'fom@cisgoapanjim.in', '3.5', 'Fitness Centre with Gym,Free breakfast,Free WiFi,Hot bath,Bar / lounge,Rooftop pool,Spa,Business Centre with Internet Access', NULL, 'https://media-cdn.tripadvisor.com/media/photo-o/05/f1/fe/7e/country-inn-suites-by.jpg', 'radissonhotels.com/en-us/hotels/country-inn-goa-panjim', '4781', '10347', 'Business,Centrally Located'),
(9, 'Kostamar Beach Resort', 'kostamarbeach', '', 'Diu', 'Kostamar Beach Resort,Nagao Beach, Diu 362520 India', '20°42''21.2"N', '70°54''52.6"E', 'It is One of the Brand New Beach Resort at Nagoa Beach DIU (UT) having all Modern Amenities especially created for Corporate, Business Travellers and Tourist. ', '9978327246', 'reservations@kostamarbeachresort.com', '3.5', 'Free parking,Free internet,Pool,Bar / lounge,Conference facilities,Banquet room,Meeting rooms,Spa,Rooftop terrace', NULL, 'https://media-cdn.tripadvisor.com/media/photo-o/0c/86/d1/6c/front-view.jpg', 'kostamarbeachresort.com', '5178', '7047', 'Family Resort,Centrally Located,Business,Ambience'),
(10, 'Hotel The Grand Highness', 'hotelgrandhighness', '', 'Diu', 'Hotel The Grand Highness Main Bazar\r\nDiu 362520 India', '20°43''05.5"N', '70°59''02.8"E', 'Well-known for its luxury environment and proximity to great restaurants and attractions, Hotel The Grand Highness makes it easy to enjoy the best of Diu.', '8980030205', 'tgh.diu@gmail.com', '4.5', 'Restaurant,Tea & Coffee Maker in room, 24 Hrs. In Room Dinning,Conference Hall, Refrigerator in all rooms', NULL, 'http://www.thegrandhighness.com/wp-content/uploads/2016/10/EXETERIOR-2-1000x667.jpg', 'thegrandhighness.com', '1872', '6192', 'Family,Business,Location,Value'),
(11, ' Rainbow Resort', 'rainbowresort', '', 'Diu', 'Near HP Petrol Pump, Opp. Galaxy School, Nagoa Main Road Fudam, Diu 362520 India', '20°42''52.2"N', '70°57''30.4"E', 'A true reflection of the Portuguese influence and contemporary hospitality offers luxurious opulence of tastefully and well-appointed rooms and suites for your indulgence.', '7621880002', 'rainbowresortdiu@gmail.com ', '4.0', 'Free parking,Free WiFi,Pool,Free breakfast,Bar / lounge,Pets Allowed,Wine/champagne,Business Centre with Internet Access,Conference facilities,Banquet room,Meeting rooms\r\n\r\n', NULL, 'https://goreviews.goibibo.com/t_ug/rainbow-resort-diu-vishal-shah-123527032389.jpg', 'rainbowresortdiu.com', '2516', '4385', 'Leisure travelling,Family,Business'),
(12, 'Sun Park Resort ', 'sunparkresort', '', 'Manali', 'Left Bank, Aleo, Manali, Himachal Pradesh, 175131, India', '32°14''15.0"N ', '77°11''41.7"E', 'Sun Park Resort is strategically located scenically on the banks of Beas River and offers fantastic views of astonishing Manali Town.', '96965.01234', 'manali@sunparkresorts.com', '4.5', 'Hi-speed wireless Internet access,Business center,Video conferencing,Spa Room,Laundry service,Multi cuisine restaurant,Florist on request,Refrigerator in room', NULL, 'http://www.sunparkresorts.com/wp-content/themes/roya/images/Manali/Exterior-SunPark.jpg', 'sunparkresorts.com/manali', '1440', '4752', 'Romantic trip,Business trip,Family trip,Centrally located,Beautiful views of Himalaya'),
(13, 'The Manali Inn', 'manaliinn', '', 'Manali', 'National Highway 21 Near Indian Oil, Manali, Manali Tehsil 175131 India', '32°13''19.4"N', '77°11''26.6"E', 'The Manali Inn offers a unique holiday experience and also has state-of-the-art banqueting facilities to help you host corporate and social events.', '1800 11 3939', 'info@manaliinn.com', '4.5', 'Central Heater,Fitness Centre,Spa,Nightclub / DJ,Kids club,Special diet menus,Bar / lounge,Game room,Business Centre with Internet Access', NULL, 'https://res.cloudinary.com/simplotel/image/upload/w_5000,h_3333/x_0,y_585,w_5000,h_1945,r_0,c_crop,q_60,fl_progressive/w_1500,c_fit,f_auto/the-manali-inn-hotel/Facade_at_The_Manali_Inn_Hotel', 'manaliinn.com', '2926', '7992', 'Luxury,Business,Romantic'),
(14, 'Allure Grand Resort ', 'alluregrand', '', 'Manali', '	\r\nKH-198 , Manali Rohtang Road, Bahang, Manali, Himachal Pradesh', '32°16''54.2"N ', '77°10''51.3"E', 'Allure Grand Resort is a Luxury 4 star hotel is nestled on Manali Rohtang higway at the bank of Beas River & facing the Rohtang snow glacier.', '9318007800', 'reservations@alluregrandresorts.com', '4.5', 'Free parking,Free WiFi,Free breakfast,Business Centre with Internet Access,Currency exchange,Airport transportation,Laundry service', NULL, 'https://media-cdn.tripadvisor.com/media/photo-w/12/a8/ae/1e/allure-grand-resort-manali.jpg', 'alluregrandresorts.com', '2736', '7416', 'Boutique,Family Resort,Centrally located'),
(15, 'Sterling Ooty Elk Hill', 'sterlingooty', '', 'Ooty', 'No 25 Ramakrishna Mutt Road Elk Hill, Ooty 643001 India', '11°23''49.0"N', '76°42''06.2"E', 'Sterling Ooty Elk Hill is a small and tranquil set up with incredible views of the surrounding hills and valley. Amid lofty Nilgiri peaks and low passing clouds, the sloping roofs and terracotta tiles of the resort emerge and vanish.', '9003302727', 'feedback@sterlingholidays.com', '4.5', 'Banqueting,Bar,Fitness Centre,Gift Shop,Holiday Activity Centre,In-Room Dining,Kids Play Area,Laundry,Tea Coffee Maker,Spa,Mini Fridge', NULL, 'https://www.sterlingholidays.com/content/dam/sterlingholidays/resorts/galleryslider/ooty-elkhill/sterling-ooty-exterior01.jpg.imgw.1280.1280.jpeg', 'sterlingholidays.com/resorts-hotels/ooty-elk-hill', '3452', '7910', 'Family Resort,Park View,Location'),
(16, 'Mount ''n'' Mist', 'mountnmist', '', 'Ooty', 'Kallaty Ghats, Mysore Road,Eakuni Village,Ooty- 643005, India', '11°28''04.6"N', '76°41''04.4"E', 'Mount n mist provides our guests with a peaceful retreat that feels like a home away from home.For travellers visiting Ooty, Mount ''n'' Mist is an excellent choice for rest and rejuvenation.', '9443002000', 'mountnmist2012@gmail.com', '4.5', 'Free parking,Free internet,Bonfire & Barbecue on request,Sun terrace,Laundry service,Outdoor fireplace,Airport transportation\r\n', NULL, 'http://mountnmist.net/images/gallery_6.jpg', 'mountnmist.net', '1800', '4032', 'Great View,Romantic'),
(17, 'Sinclairs Retreat Ooty', 'sinclairsooty', '', 'Ooty', 'Sinclairs Retreat Ooty\r\nGorishola Road, Next to tea factory\r\nOoty 643001, Tamil Nadu', '11°24''34.0"N', '76°43''15.3"E', 'Enveloped by the clouds at 8000 feet and located exactly where the "Queen of Nilgiris" was discovered, Sinclairs Retreat Ooty is the highest located hotel in South India and unquestionably the best located hotel in Ooty.', ' 9025779375', 'ooty@sinclairshotels.com', '4.0', 'Free parking,Free WiFi,Breakfast,Business Centre with Internet Access,Laundry service,Airport transportation,Car hire,Fitness Centre', NULL, 'https://media-cdn.tripadvisor.com/media/photo-o/02/6a/40/c2/facade.jpg', 'sinclairshotels.com/ooty', '4176', '7344', 'Modern,Mountain View,Romantic'),
(18, 'Sterling Darjeeling', 'sterlingdarjeeling', '', 'Darjeeling', 'Monastery Road, Ghoom, West Bengal 734102', '27°00''29.2"N', '88°14''49.5"E', 'Sterling Darjeeling, located at the highest point in Darjeeling, offers you a spectacular view of the Kanchenjunga range. Darjeeling district''s oldest monastery, the Ghoom Monastery is right next to the resort. ', ' 9003302727', 'feedback@sterlingholidays.com', '4.0', 'Banqueting,Bar,Fitness Centre,Gift Shop,Laundry,Tea Coffee Maker,Mini Fridge,Karaoke,Library', NULL, 'https://media-cdn.tripadvisor.com/media/photo-o/0e/4d/69/af/darjeeling-khush-alaya.jpg', 'sterlingholidays.com/resorts-hotels/darjeeling', '2952', '10585', 'Family,Mountain View'),
(19, 'Mayfair Darjeeling', 'mayfairdarjeeling', '', 'Darjeeling', 'The Mall Opposite Governor House, Darjeeling 734101 India', '27°02''56.8"N', '88°15''53.3"E', 'MAYFAIR Darjeeling is a heritage property that is one of the best hotels in Darjeeling. It exudes old world charm and quiet elegance. Wake up to birdsong and beautiful views as you soak in the blissful ambiance. ', '9230192003', 'roe@mayfairhotels.com', '4.5', 'Basic Wi-Fi,In room tea/coffee maker,Bottled water,Personal safe,Hair dryer,Pool Table & Indoor Games,Library,Gym', NULL, 'https://www.mayfairhotels.com/mayfair-darjeeling/photo-gallery/images/Aerial%20View%20Mayfair%20darjeeling.jpg', 'mayfairhotels.com/mayfair-darjeeling', '7619', '23792', 'Historic Hotel,Quiet'),
(20, 'Udaan Dekeling Resort', 'udaandekeling', '', 'Darjeeling', '2 Hawk''s Nest A J C Bose Road, Near Alpine School, Darjeeling 734101 India', '27°02''03.8"N', '88°15''44.0"E', 'Udaan Dekeling Resort, Darjeeling  features panoramic views of the Darjeeling Hills and Kanchenjunga Range. There is no doubt why Udaan Dekeling Resort, Darjeeling considered as one of the best resorts in darjeeling. ', '7719368401', 'info@udaanhotels.com', '4.5', 'Balcony & Valley View rooms,LED Television,In House Restaurant,Free Wifi,Tea & Coffee Maker,Modern Bath Amenities,Transport Assistance,Disabled-friendly room,Room Heater', NULL, 'https://media-cdn.tripadvisor.com/media/photo-w/18/f4/ea/04/udaan-hotels-resorts.jpg', 'udaanhotels.com/our-hotels/udaan-dekeling-resort-darjeeling', '3452', '6688', 'Value,Mountain View'),
(21, 'Hotel Ladakh Imperial', 'ladakhimperial', '', 'Leh Ladakh', 'GH Road Skara, Near Ladakh Public School\r\nLeh Ladakh 194101, J&K India', '34°09''12.4"N', '77°34''27.7"E', ' Hotel Ladakh Imperial hotel is traditional in design and architecture, with all modern facilities you might look for on your holiday. ', '9469223333 ', 'imperialladakh@gmail.com', '4.5', 'Airport Pick Up And Drop Service,In House Laundry Service,Cultural Evening With Folk Dancers,Free Wifi,Business Centre with Internet Access,Meeting rooms,Free breakfast', NULL, 'https://r2imghtlak.mmtcdn.com/r2-mmt-htl-image/201606211215445267-cd2246d660e811e9a06d0242ac110004.jpg?&output-quality=75&downsize=520:350&crop=520:350;13,0&output-format=jpg', 'hotelladakhimperial.in', '3816 ', '6552', 'Classic,Trendy'),
(22, 'Sia-La Guesthouse', 'sia-laguesthouse', '', 'Leh Ladakh', '', '34°09''47.3"N', '77°34''56.5"E', 'The guest House was established in 1999. It is well designed and constructed as a passive solar cum eco-friendly ladakhi style, archetic oriented at 20 degree south-east using locally available construction materials.', '9419178100', 'sia_la@yahoo.co.in', '4.5', 'Free internet,Free breakfast,Airport transportation,Outdoor fireplace,Outdoor furniture\r\n\r\n\r\n\r\n', NULL, 'http://www.sialaguesthouse.com/css/images/offer-image-2.jpg', 'sialaguesthouse.com', '2426', '3996', 'Centrally Located,Mountain View'),
(23, 'Ladakh Himalayan Retreat', 'himalayanretreat', '', 'Leh Ladakh', 'Ladakh Himalayan Retreat,behind GNN School, Tukcha, Fort Road, Leh - Ladakh', '34°09''38.5"N', '77°34''22.4"E', 'Ladakh Himalayan Retreat is located a kilometer away from the Main Bazaar on Fort Road. Surrounded by snow capped mountains, the hotel has magnificent views of Shanti Stupa and Leh Palace.', '94197 95240', 'himalayanretreat2014@gmail.com ', '4.5', 'Free parking,Free WiFi,Free breakfast,Babysitting,Children Activities,Airport transportation,Car hire,Laundry service', NULL, 'https://media-cdn.tripadvisor.com/media/photo-w/13/bf/7c/00/ladakh-himalayan-retreat.jpg', 'ladakhhimalayanretreat.com', '3811', '5825', 'Great View,Modern'),
(24, 'Country Inn & Suites by Radisson', 'countryinnmysore', '', 'Mysore', 'Plot No. 345/A Hebbal Electronic City, near Infosys Campus, Mysore,570016,India', '12°21''47.9"N', '76°36''27.2"E', 'The Country Inn & Suites by Radisson, Mysore offers a modern retreat near major attractions like the Brindavan Gardens. Only 15 mins from Mandakalli Airport and 3 mins from National Highway 275, our hotel offers easy access for traveling families.', '821-6642000', 'DelhiReservationsCentre@radissonhotels.com', '4.5', 'Lending Library,Breakfast,Express check-out,Complimentary cookies,Complimentary coffee and tea,Early check-in,Free WiFi,Gym,Business Centre with Internet Access,Spa,Laundry service\r\n\r\n', NULL, 'https://media.radissonhotels.net/image/Country-Inn-Suites-by-Radisson-Mysore/Exteriorview/16256-114460-f63779080_3XL.jpg?impolicy=CustomCrop&cwidth=670&cheight=603', 'radissonhotels.com/en-us/hotels/country-inn-mysore', '3140', '4995', 'Business,Modern'),
(25, 'Fortune JP Palace', 'fortunejp', '', 'Mysore', '3, Abba Road Nazarbad, Mysore - 570007, Karnataka', '12°19''06.5"N', '76°39''48.8"E', 'Fortune JP Palace embodies the exuberance of Mysore with its palatial-style architecture, landscaped gardens, aesthetically done interiors and a magnificent view of the famous Chamundi Hills. ', '0821-6655444', 'jppalace@fortunehotels.in', '4.0', 'Business Centre,Pool,Fitness Centre,Airport Transfers,Currency Exchange,Electronic Safe,Dental Kit,Executive Kit,Toiletries', NULL, 'https://www.fortunehotels.in/hotel-image/gallery/main/20167271741149-11.jpg', 'fortunehotels.in/mysore-fortune-jp-palace.dh.11', '3425', '7992', 'Business,Family'),
(26, 'Ginger Mysore', 'gingermysore', '', 'Mysore', 'Nazarabad Mohall, Near Nazarabad Police Station, Vasant Mahal Road, Mysore, Karnataka 570010 ', '12°18''26.0"N', '76°40''02.5"E', 'If you’re looking for a charming hotel in Mysore, look no further than Ginger Mysore. Nearby landmarks of Statue of Maharaja Chamarajendar Wodeyar and Sri Nandi Temple make Ginger Mysore Hotel a great place to stay when visiting Mysore.', '0821-663-3333 ', 'book@gingerhotels.com', '4.0', 'Free parking,Free WiFi,Gym,Free breakfast,Airport transportation,Laundry service,Express check-in / check-out,Car hire', NULL, 'https://www.gingerhotels.com/resourcefiles/hotelgalleryimages/front-view-of-ginger-mysore.jpg', 'gingerhotels.com/ginger-mysore', '1927', '4281', 'Family,Business'),
(27, 'Regenta Central Jal Mahal', 'regentajaipur', '', 'Jaipur', 'Amer Road, Opposite Jalmahal,\r\nJaipur-302002, Rajasthan', '26°57''31.1"N', ' 75°50''38.5"E', 'Located in the heart of the city and close to the railway station, airports and popular tourist destinations, Regenta Central Jal Mahal, Jaipur, is a hotel visited by business and leisure travellers', '9983178618', 'gm.rcj@royalorchidhotels.com ', '4.5', 'Free parking,Free WiFi,Sauna,Pool,Free breakfast,Bicycle rental,Airport transportation,Business Centre with Internet Access,Laundry service,Rooftop terrace,Bar / lounge,Massage\r\n\r\n', NULL, 'https://karmaexperience.in/images/jaipur/regenta_about1.jpg', 'royalorchidhotels.com/regenta-central-jal-mahal-jaipur/overview', '1927', '15770 ', 'Lake View,Business,Family,Leisure'),
(28, ' Leisure Inn Grand Chanakya', 'leisureinnjaipur', '', 'Jaipur', '4 A-B, Kashi Bhawan, M.I. Road, Panch Batti, Jaipur, Rajasthan 302001, India', '26°55''00.3"N', '75°48''30.9"E', 'Positioned perfect, Leisure Inn Grand Chanakya is based right at heart of the famous Pink City of Jaipur allowing you to explore attractions that are unique to the area including; Hawa Mahal, City Palace, Amer Fort, Bapu Bazaar and Johari Bazaar.', '+91 141 433 3333', 'rsvligc@leisureinnhotels.com', '4.5', 'Free parking,Free WiFi,Gym,Free breakfast,Airport transportation,Business Centre with Internet Access,Rooftop bar,Currency exchange,Laundry Service\r\n', NULL, 'https://pix10.agoda.net/hotelImages/517460/-1/8c2b4dadaf8e30077354ce79461b4852.jpg?s=1024x768', 'leisureinngrandchanakya.in', '2654', '4017', 'Value,Centrally Located'),
(29, 'Lemon Tree Premier', 'lemontreejaipur', '', 'Jaipur', 'Nirwan Marg, Bani Park\r\nJaipur, Rajasthan 302016', '26°56''07.6"N', '75°47''31.0"E', 'Lemon Tree Premier pampers the style conscious and upbeat traveler with its personalized services, premium in-room amenities, award winning restaurants and fun experiences.', '+91 141 4051100', 'hi.jp@lemontreehotels.com', '4.5', 'Spa,Fitness Center,Pool,Business Center,WiFi,Transportation,Restaurants,Bar,Rooftop terrace,Babysitting,Laundry Service', NULL, 'https://media-cdn.tripadvisor.com/media/photo-o/0b/05/33/ea/facade.jpg', 'lemontreehotels.com/lemon-tree-premier/jaipur/bani-park-jaipur.aspx', '4852', '11774', 'Business,Family'),
(30, 'Hotel Lalgarh Fort And Palace', 'lalgarhfort', '', 'Jaisalmer', 'Patwa Haveli Road, Kalakar Colony,\r\nJaisalmer, Rajasthan 345001', '26°55''07.9"N', '70°54''46.1"E', 'Hotel Lalgarh Fort & palace that glitters like gold in the moonlight, built by Jaisalmer golden sandstone having heritage touch in traditional Jaisalmer style. An ancient royal design with all modern amenities.', '9414150150', 'info@lalgarh.com', '4.8', 'Free parking,Free WiFi,Airport transportation,Rooftop bar & terrace,Sun terrace,Express check-in / check-out,Dry cleaning,Laundry service', NULL, 'https://media-cdn.tripadvisor.com/media/photo-o/11/ad/00/e7/hotel-lalgarh-fort-and.jpg', 'lalgarhfortandpalace.com', '2736', '3312', 'Centrally Located,Charming'),
(31, 'Hotel Pleasant Haveli', 'pleasanthaveli', '', 'Jaisalmer', ' Chainpura Street , Gandhi Chowk,\r\nJaisalmer-345001, Rajasthan, India.', '26°55''04.8"N', '70°54''40.5"E', 'The Pleasant Haveli is a calm oasis in the heart of the mystic "Golden City of the Thar Desert". It offers a world of traditional hospitality combined with modern comfort and all western standards. ', '+91-2992-253254', 'reservation@pleasanthaveli.com', '4.7', 'Free parking,Free WiFi,Rooftop terrace & bar,Taxi service,Gift shop,ATM on site,Laundry Service\r\n', NULL, 'https://media-cdn.tripadvisor.com/media/photo-w/06/64/1f/0f/hotel-pleasant-haveli.jpg', 'pleasanthaveli.com', '2283', '4781', 'Residential Neighbourhood,Quiet'),
(32, 'Hotel Royal Haveli', 'royalhaveli', '', 'Jaisalmer', 'Hotel Royal Haveli,Near Desert Boy''s Dhani,Air Force Circle,Dhibba Para,Jaisalmer (Raj.)', '26°54''36.0"N', '70°54''49.9"E', 'Hotel Royal Haveli is a best hotel in Jaisalmer. Situated at the heart of the Golden City, is walking distance from Railway Station, Hotel Royal Haveli is the most comfort Hotel in Jaisalmer at very good costs.', '97828-23712', 'hotelroyalhaveli@yahoo.com', '4.5', 'Free Parking,Free WiFi,Free Breakfast,Rooftop Terrace,Airport transportation,Rooftop bar,Currency exchange,Special diet menus,Laundry service', NULL, 'https://media-cdn.tripadvisor.com/media/photo-w/0f/80/96/2c/arrival-view.jpg', 'royalhavelijaisalmer.com', '1291', '2942', 'Quaint,Centrally Located'),
(33, 'Sinclairs Bay View', 'sinclairsbayview', '', 'Andaman & NIcobar', 'South Point, Port Blair,\r\nAndaman Islands 744106,\r\nIndia', '11°40''13.5"N', '92°44''36.5"E', 'Located right on the Bay of Bengal, Sinclairs Bayview is Port Blair''s only hotel to offer a spectacular ocean view from most of its rooms, as it blends seamlessly with the surrounding landscape. ', '99320 85305', 'portblair@sinclairshotels.com\r\n', '4.0', 'Free parking,Free internet,Spa,Bar / lounge,Outdoor pool,Laundry service,Airport transportation,Conference facilities\r\n', NULL, 'https://media-cdn.tripadvisor.com/media/photo-w/03/f7/d1/ac/sinclairs-bay-view-port.jpg', 'sinclairshotels.com/portblair', '5178', '20207', 'Ocean View,Great View'),
(34, 'Havelock Island Beach Resort', 'havelockislandresort', '', 'Andaman & Nicobar', 'Havelock Island Beach Resort Pvt. Ltd.\r\nBooking 14/4, Room No.3, J.N.Road, Goal Ghar\r\nPort Blair, Andaman & Nicobar Island-744102 , INDIA', '12°02''16.0"N', '12°02''16.0"N', 'Havelock Island Beach Resort Pvt.Ltd. is situated at beach no 2 Govind Nagar Beach (1 km from Havelock Harbor). Blessed with the vast diverse flora and fauna and the uninterrupted views of tropical greenery.', '03192-235670', 'contact@havelockislandbeachresort.com', '4.5', 'Free parking,Free internet,Pool,Free breakfast,Beach,Car hire,Laundry service,Dry Cleaning', NULL, 'https://media-cdn.tripadvisor.com/media/photo-o/0a/47/3a/32/havelock-island-beach.jpg', 'havelockislandbeachresort.com', '4459', '12584', 'Ocean View,Bay View'),
(35, 'Symphony Palms Beach Resort', 'symphonypalms', '', 'Andaman & Nicobar', 'Govind Nagar Beach\r\nSwaraj Dweep (Havelock) - 744101\r\nAndaman & Nicobar Islands,\r\nIndia', '12°01''42.5"N', '93°00''07.5"E', 'Symphony Palms - A beach resort in Swaraj Dweep (Havelock) is the best place in terms of Beach View, Transportation, Luxury, Food and hospitality. ', '800-123-6000', 'reservation@hotelinandaman.com', '4.0', 'Free parking,Free wifi in the business centre,Free breakfast,Beach,Diving,Car hire,Spa,Bar / lounge,Coffee shop,Laundry service', NULL, 'https://media-cdn.tripadvisor.com/media/photo-w/0d/47/ce/b0/property-view.jpg', 'symphonypalmbeachresort-havelock.hotelinandaman.com', '4353', '11631', 'Park View,Great View'),
(36, 'Uday Suites', 'udaysuites', '', 'Kerala', 'T.C. 34/757/3. Watts Lane Beach P.O. Shangumugham.\r\nThiruvananthapuram. 695007.\r\nKerala. India', '8°29''01.9"N ', '76°54''43.1"E', 'The majestic construction, the garden and the large pool creates a calm and idyllic ambiance. A perfect place to relax,the hotel is just 2 minutes drive from the airport domestic terminal and less than 10 minutes drive from the international terminal', '471 2504333', 'info@uds.co.in', '4.0', 'Free parking,Free wifi,Spa,Free breakfast,Sauna,Pool,Car hire,Taxi service,Business Centre with Internet Access,Currency exchange,Laundry Service', NULL, 'https://udaysuites.com/img/slider3.jpg', 'udaysuites.com', '3497', '6708', 'Modern,Quiet'),
(37, 'Peppervine Hotel', 'peppervinehotel', '', 'Kerala', 'Thamarakkandom Road. Kumily P.O, Thekkady 685509', '9°36''18.6"N', '77°10''22.9"E', 'Located just outside the Periyar Tiger Reserve, Peppervine is a three star deluxe hotel offering 43 rooms and suites, multi cuisine restaurant, swimming pool, conferencing facilities.', '6238600546', 'reservations@intergrandehotels.com', '4.5', 'Free parking,Free wifi,Business centre with internet access,Free breakfast,Pool,Spa,Laundry Service,Dry Cleaning', NULL, 'http://peppervine.in/design/img/resort-gallery/1.jpg', 'peppervine.in', '2997', '5352', 'Modern'),
(38, 'Srivar Hotels', 'srivarhotel', '', 'Kerala', 'Srivar Hotels\r\nWest Nada, Guruvayur,\r\nTrichur, Kerala.', '10°35''39.2"N', '76°02''15.3"E', 'For us at Srivar, ensuring the comfort and convenience of our guests is a matter of high priority. ', '7559800901', 'info@srivarhotels.com', '4.5', 'Free parking,Free internet,Car hire,Rooftop terrace,Baggage storage,24-hour front desk,Express check-in / check-out,Laundry service', NULL, 'https://media-cdn.tripadvisor.com/media/photo-o/05/bf/8f/d6/srivar-hotels.jpg', 'srivarhotels.com', '1784', '2854', 'Modern,Centrally Located'),
(39, 'Asiatic Pride Resorts', 'asiaticpride', '', 'Sasan-Gir Wildlife Sanctuary', 'Asiatic Pride Resort,\r\nChalala Dhari Road,\r\nState Highway No. 33,\r\nDhari Village ,Dist : Amreli,\r\nGujarat (INDIA) 365640', '21°20''50.7"N', '71°04''54.4"E', 'Asiatic Pride Resort, where guests will find affordable luxury amenities and accommodations. We offer a full array of services to create a simple and pleasurable environment for your stay. ', '909925422', 'marketing@asiaticresorts.co.in', '4.5', 'Free parking,Free wifi,Free breakfast,Pool,BBQ facilities,Babysitting,Gym,Currency exchange,Laundry service', NULL, 'https://media-cdn.tripadvisor.com/media/photo-w/0f/72/3e/22/asiatic-pride-resorts.jpg', 'asiaticresorts.co.in', '3140', '5566', 'Quaint'),
(40, 'Gir Jungle Lodge', 'girjunglelodge', '', 'Sasan-Gir Wildlife Sanctuary', 'Sasan Junagadh Road Sasan Gir., Gir National Park India', '21°10''37.0"N', '70°34''42.8"E', 'Gir Jungle Lodge is offering best value for money. It is planned in such a way it gives feeling of stay within the jungle. Entry is from the main road, and property is quiet inside, safe from noise and air pollution.', '8826678881', 'contact@girnationalpark.in', '4.5', 'Free parking,Free wifi,Free breakfast,Pool,Car hire,Laundry Service', NULL, 'https://media-cdn.tripadvisor.com/media/photo-w/03/78/d4/c5/gir-jungle-lodge.jpg', 'girnationalpark.in/gir-jungle-lodge-in-gir.html', '2948', '6975', 'Charming'),
(41, 'The Brook Ville', 'brookville', '', 'Sasan-Gir Wildlife Sanctuary', 'Village : Bhojde - Sasan Gir,Taluka : Talala, District : Junagadh - 362135, Gujarat.', '21°08''33.6"N', '70°35''51.8"E', 'The ville is ideally located nearby Gir National Park and surrounded by lush green forest and natural land space.', '9898207776', 'thebrookville@gmail.com', '4.6', 'Free parking,Free wifi,Free breakfast,Pool,Car hire,Bicycle rental,Laundry Service,Airport transportation', NULL, 'https://pix10.agoda.net/hotelImages/160/1603952/1603952_16101820010047886003.jpg', 'thebrookville.com', '1427', '2498', 'Eco friendly environment'),
(42, 'The Wildflower Resort', 'wildflowerresort', '', 'Bandhavgarh National Park', 'Village Tala, Ranchha Road\r\nBandhavgarh National Park,\r\nDistrict Umaria\r\nIndia', '23°43''33.3"N', '81°01''34.5"E', 'At The Wildflower Resort in Bandhavgarh National Park India you will find a picture-perfect setting with hills clad in greens skirting the lodge, butterflies fluttering in the gardens and chirping of birds as musical theme.', '89590 94549', 'resv@wildflowerresort.com', '4.0', 'Free parking,Pool,Free breakfast,Bicycle rental,Game room,Airport transportation,Massage', NULL, 'https://edge.media.datahc.com/HI291021989.jpg', 'wildflowerresort.com', '2654', '5666', 'Quiet'),
(43, 'The Roaring Salvan County', 'roaringsalvancounty', '', 'Bandhavgarh National Park\r\n', 'THE ROARING SALVAN COUNTY\r\nBandhavgarh National Park, Gadawah Village, Post Parasi, District Umaria, Madhya Pradesh 484661, India', '23°39''55.5"N', '80°55''32.8"E', 'The Roaring Salvan County is the most distinguished address of adventure, luxury and comfort in Bandhavgarh. Named after the mighty tiger''s roar which is quite frequently heard around The County and the Sal tree which is found in abundance. ', '9999518105', 'reservation@shanayahospitality.com', '4.5', 'Free parking,Pool,Free breakfast,Complimentary welcome drink,Car hire,Special diet menus,Airport transportation,Laundry service', NULL, 'https://media-cdn.tripadvisor.com/media/photo-w/15/8d/dd/36/the-wildflower-resort.jpg', 'roaringsalvan.com', '3596', '5393', 'Luxurious'),
(44, 'Rosa Bandhavgarh Meadows', 'rosabandhavgarh', '', 'Bandhavgarh National Park\r\n', 'Rosa Bandhavgarh Meadows\r\nVillage Bijariya, Tala, District Umariya, Bandhavgarh, Madhya Pradesh - 484661, India', '23°43''24.7"N', '81°02''32.2"E', '"Rosa Bandhavgarh Meadows - Your home in the jungle" - The resort is an ideal refuge for those in quest of exciting Tiger safaris and a stay in tranquil environment in full luxury. ', '62-6855-9635', 'reservations@rosakue.com', '4.3', 'Free parking,Pool,Free breakfast,Game room,Children Activities,Car hire,Baggage storage', NULL, 'https://media-cdn.tripadvisor.com/media/photo-o/01/b8/f3/8f/villa-exterior.jpg', 'rosakue.com/rosa-bandhavgarh-meadows/', '2640', '4710', 'Charming'),
(45, 'Nature Hunt Eco Camp', 'naturehuntcamp', '', 'Kaziranga National Park', '37 Nh Bachagaon, Diring, Kaziranga National Park 785609 India', '26°35''36.9"N', '93°26''47.0"E', 'Nature Hunt Eco Camp, Kaziranga National Park is Situated in the buffer zone of Central (Kohora) Range of Kaziranga National Park, Nature Hunt Eco Camp has been operating its activities since 2010.', '97060 48801 ', 'tours@naturehunttours.com', '4.5', 'Free parking,Secured parking,Restaurant,Breakfast available,Entertainment staff,Airport transportation,Mosquito net,Outdoor fireplace\r\n', NULL, 'https://media-cdn.tripadvisor.com/media/photo-o/03/d7/25/40/nature-hunt-eco-camp.jpg', 'naturehunttours.com/nature-hunt-eco-camp/', '2006', '4872', 'Family Trip'),
(46, 'IORA - The Retreat', 'iora-theretreat', '', 'Kaziranga National Park', 'Bogorijuri, P.O. Kohora, Kaziranga National Park,  Assam - 785109', '26°35''04.1"N', '93°25''01.7"E', 'IORA - The Retreat offers a serene, rejuvenating experience with liberal doses of warm Assamese hospitality and supported by the best state-of-the-art amenities.\r\n', '9957193550', 'iora@kazirangasafari.com', '4.5', 'Free parking,Free wifi,Business centre with internet access,Free breakfast,Pool,Car hire,Bar / lounge,Laundry Service', NULL, 'https://iorahotels.com/iora-the-retreat-kaziranga/assets/images/1-1400x788.jpg', 'iorahotels.com/iora-the-retreat-kaziranga', '5931', '8075', 'Family Resort,Charming'),
(47, 'Resort Borgos', 'borgosresort', '', 'Kaziranga National Park', 'No 2 Sildubi Kohora, Kaziranga National Park India', '26°36''05.7"N', '93°23''49.6"E', 'The tranquil and peaceful surroundings make this resort best suited for the guests visiting for either holiday or business. The resort is situated in the village named Sildubi Gaon near the Kohora range of the Kaziranga National Park. ', '9873398995', 'contact@kaziranganationalpark-india.com', '4.0', 'Free parking,Free wifi,Business centre with internet access,Free breakfast,Pool,Car hire,Bar / lounge,Spa,Laundry Service', NULL, 'https://media-cdn.tripadvisor.com/media/photo-w/19/c0/4c/df/borgos-main-entrance.jpg', 'kaziranganationalpark-india.com/kaziranga-hotels/Borgos-Resort.html', '5897', '19848', 'Family Resort'),
(48, ' Acorn Hideaway Resort & Spa', 'acornresort', '', 'Jim Corbett National Park', 'Corbett Tiger Reserve, Village Sawal Deh Ramnagar Uttarakhand - 244714', '29°23''46.1"N', '79°03''00.8"E', 'Revitalise your soul in the lap of the wild amidst spellbinding views, remarkable architecture, amazing food and hospitable people with Acorn Hideaway Resort and Spa, a 5 Star Luxury resort spread across verdant 9 acres of land.', '9027296848', 'contact@acornhotels.com', '4.3', 'Free parking,Free wifi,Business centre with internet access,Free breakfast,Pool,Spa,Laundry Service', NULL, 'http://www.acornhotels.in/wp-content/uploads/2020/02/ex1.jpg', 'acornhotels.in', '3240', '6768', 'Romantic'),
(49, 'Le Roi Corbett', 'le roicorbett', '', 'Jim Corbett National Park', 'Le ROI Corbett Resort\r\n\r\nLadua Chaur, Dhikuli,Near Girija Temple, Ramnagar, Uttarakhand 244715', '29°27''31.3"N', '79°08''45.1"E', 'Le ROI Corbett Resort is amongst the finest Jim Corbett Resorts where you''ll witness the beauty of nature and enjoy in a landscape full of fruit orchards, flowers and sandalwood trees. You''ll wake up everyday to the chirping of birds. ', '86 500 00411', 'focorbett@leroihotels.com', '4.5', 'Free parking,Free wifi,Breakfast available,Express check-in / check-out,Dry cleaning,Laundry service,Meeting rooms', NULL, 'https://media-cdn.tripadvisor.com/media/photo-w/06/a4/72/39/le-roi.jpg', 'leroihotels.com/leroi-corbett', '1998', '4496', 'Modern,Charming'),
(50, 'Corbett River Creek Resort and Spa', 'rivercreekresort', '', 'Jim Corbett National Park', 'Village - Jhadgaon Tehsil - Sult, Marchula, Jim Corbett National Park 244715 India ', '29°36''28.1"N', '79°05''45.5"E', 'The resort is located in the northern periphery of Corbett, on the banks of river Ramganga surrounded by mountains and thick forest of Sal and Semal trees, the resort is an ideal location for wildlife sighting, bird spotting and angling.', '85859 67610\r\n\r\n\r\n\r\n', 'corbettrivercreek@gmail.com', '4.5', 'Free parking,Business centre with internet access,Pool,Car hire,Spa,Coffee shop,Laundry service,BBQ facilities', NULL, 'https://media-cdn.tripadvisor.com/media/photo-o/16/07/3b/f6/reception.jpg', 'corbettrivercreek.com', '3600', '7488', 'Great View,Mountain View'),
(51, 'GenX Vadodara', 'GenX_vadodara', '', 'Vadodara', 'GenX Vadodara\r\n\r\nOpposite Gujarat Kidney hospital Jetalpur Road, Alkapuri, Vadodara - 390007', '22°18''28.9"N', '73°10''33.6"E', 'GenX Vadodara is a business hotel of 44 rooms.Located within 2 km from the Railway Station and the Central Bus Depot,the Hotel is in the very center of Vadodara making it the best hotel for travelers on business to the industrial hubs around the city', '937 7158 901', 'gm.vda@1589hotels.com', '4.5', 'Free parking,Free wifi,Free breakfast,Laundry service,Airport transportation,Dry cleaning,Gym', NULL, 'https://r-cf.bstatic.com/images/hotel/max1024x768/149/149619771.jpg', '1589hotels.com/genx-vadodara-hotel/', '2223', '10472', 'Classic,Mid-range'),
(52, 'Regenta Inn', 'regentainn', '', 'Vadodara', 'Regenta Inn, Vadodara\r\nVed Transcube Plaza, Central Bus Terminal, Sayajiganj\r\nVadodara-390002, Gujarat', '22°18''50.5"N', '73°10''56.6"E', 'Hotel Regenta Inn, Vadodara is an excellent choice of accommodation for anyone traveling to the city. Located at a strategic location near all major places of interest, Hotel Regenta Inn, Vadodara is home to well-appointed rooms', '8041276667', 'rooms@royalorchidhotels.com', '4.5', 'Free parking,Free wifi,Business centre with internet access,Free breakfast,Gym,Laundry Service,Currency Exchange', NULL, 'https://www.royalorchidhotels.com/Images/slider/10_31_2020_04_31_21riv%20(1).jpg', 'royalorchidhotels.com/regenta-inn-vadodara/overview', '1808', '3544', 'Romantic,Great View'),
(53, 'The Fern An Ecotel Hotel', 'thefernhotel', '', 'Vadodara', 'THE FERN AN ECOTEL HOTEL, VADODARA\r\nDinesh Mill Road, Akota, Vadodara 390 020, Gujarat, India', '22°18''11.0"N', '73°10''40.8"E', 'The Fern-An Ecotel Hotel, Vadodara is a business hotel of 72 rooms. The hotel is in the very centre of Vadodara making it the best hotel for travellers on business to the industrial hubs around the city', '0265 230 5000', 'info.tf.vadodara@fernhotels.com', '4.5', 'Free parking,Free wifi,Business centre with internet access,Free breakfast,Gym,Car hire,Laundry service,Airport Transportation', NULL, 'https://imgcy.trivago.com/c_limit,d_dummy.jpeg,f_auto,h_1300,q_auto,w_2000/itemimages/89/92/8992266.jpeg', 'fernhotels.com/fern-ecotel-hotel-vadodara.html', '3511', '5946', 'Business trip'),
(54, 'Eastin Residences', 'eastinresidency', '', 'Vadodara', '78, Sampatrao Colony, Off RC Dutt Road, Alkapuri, Vadodara, Gujarat – 390007', '22°18''34.6"N', '73°10''31.6"E', 'Eastin Residences Vadodara is A Premium Boutique Serviced Residences, located in the central Alkapuri, with convenient access to downtown shopping, family attractions and commercial centre.', '265 6707777 ', 'info@eastinvadodara.com', '4.5', 'Free parking,Free wifi,Business centre with internet access,Free breakfast,Gym,Laundry service,Airport Transportation,Dry cleaning', NULL, 'https://cdn.galaxy.tf/thumb/sizeW1920/uploads/2s/cms_image/001/561/602/1561602726_5d142aa625b21-thumb.jpg', 'eastinhotelsresidences.com/eastinvadodara/', '3701', '6386', 'Charming,Trendy'),
(55, 'Grand Mercure Surya Palace', 'suryapalace', '', 'Vadodara', 'Grand Mercure Vadodara Surya Palace Jetalpur Road, Opp. Parsi Agyari,\r\nSayajigunj, Vadodara\r\n390020', '22°18''26.7"N', '73°11''03.8"E', NULL, '265-2226000', 'binaifer.gai@accor.com', '4.5', 'Free parking,Free wifi,Business centre with internet access,Free breakfast,Gym,Pool,Car hire,Laundry service,Airport Transportation', NULL, 'https://media-cdn.tripadvisor.com/media/photo-w/0f/df/1d/72/grand-mercure-vadodara.jpg', 'suryapalace.com', '2830', '5951', 'Business,Centrally Located');

-- --------------------------------------------------------

--
-- Table structure for table `inquiry`
--

CREATE TABLE IF NOT EXISTS `inquiry` (
  `inquiry_id` int(12) NOT NULL,
  `inquiry_date` varchar(255) NOT NULL,
  `user_id` int(12) NOT NULL,
  `hotel_id` int(12) NOT NULL,
  `inquiry_details` varchar(550) NOT NULL,
  PRIMARY KEY (`inquiry_id`)
) ENGINE=InnoDB DEFAULT CHARSET=latin1;

--
-- Dumping data for table `inquiry`
--

INSERT INTO `inquiry` (`inquiry_id`, `inquiry_date`, `user_id`, `hotel_id`, `inquiry_details`) VALUES
(120, '02-02-2020', 15, 1, 'Do you have a triple occupancy ?'),
(125, '01-01-2020', 84, 60, 'What are the services or facility available for people who want to travel to jungle safari ?\r\n');

-- --------------------------------------------------------

--
-- Table structure for table `payment`
--

CREATE TABLE IF NOT EXISTS `payment` (
  `payment_id` int(12) NOT NULL AUTO_INCREMENT,
  `user_id` varchar(255) NOT NULL,
  `booking_id` varchar(255) NOT NULL,
  `transaction_id` varchar(255) NOT NULL,
  `payment_amount` varchar(255) NOT NULL,
  `payment_date` varchar(255) NOT NULL,
  `payment_time` varchar(255) NOT NULL,
  `payment_status` varchar(255) NOT NULL,
  PRIMARY KEY (`payment_id`)
) ENGINE=InnoDB  DEFAULT CHARSET=latin1 AUTO_INCREMENT=5 ;

--
-- Dumping data for table `payment`
--

INSERT INTO `payment` (`payment_id`, `user_id`, `booking_id`, `transaction_id`, `payment_amount`, `payment_date`, `payment_time`, `payment_status`) VALUES
(1, 'U5005', 'B005', '', '5440', '', '', ''),
(2, 'U5005', 'B005', '', '5440', '', '', ''),
(3, 'U5005', 'B005', '1242575443', '5440', '02-03-2020', '12-45', 'paid'),
(4, '3', 'B1321583630', '1583049063685_3', '97680.0', '2020-03-01', '01:21 PM', 'Paid');

-- --------------------------------------------------------

--
-- Table structure for table `questionnaire`
--

CREATE TABLE IF NOT EXISTS `questionnaire` (
  `qid` varchar(12) NOT NULL,
  `question` varchar(100) NOT NULL,
  `option1` varchar(50) NOT NULL,
  `option2` varchar(50) NOT NULL,
  `option3` varchar(50) NOT NULL,
  `option4` varchar(50) DEFAULT NULL,
  PRIMARY KEY (`qid`)
) ENGINE=InnoDB DEFAULT CHARSET=latin1;

--
-- Dumping data for table `questionnaire`
--

INSERT INTO `questionnaire` (`qid`, `question`, `option1`, `option2`, `option3`, `option4`) VALUES
('Q01', 'Where would you like to go ?', 'Beach Side', 'Hill Stations', 'Fort and Palaces', 'Wildlife and Forest'),
('Q02', 'For how long you are planning ?\r\n', 'Less than 2 days', '3-7 days', '8-12 days', '2 weeks or more'),
('Q03', 'What is your approx budget?\r\n', 'less than 2000', '2000-5000', '5000-12000', 'More than 12000'),
('Q04', 'What type of activities you would like to do?\r\n', 'Water sports & scuba diving', 'Adventure & Hiking', 'Cultural walk-for museums', 'Shopping'),
('Q05', 'What kind of trip this would be ?\r\n', 'Solo Trip', 'Friends Trip', 'Family Trip', 'Romantic Trip');

-- --------------------------------------------------------

--
-- Table structure for table `roomlisting`
--

CREATE TABLE IF NOT EXISTS `roomlisting` (
  `hotel_id` varchar(12) NOT NULL,
  `room_id` varchar(12) NOT NULL,
  `room_type` varchar(255) NOT NULL COMMENT 'Single, Double, King or Suite',
  `room_price` varchar(255) NOT NULL,
  `img1` varchar(524) NOT NULL COMMENT 'through path',
  `img2` varchar(255) NOT NULL COMMENT 'through path',
  `img3` varchar(255) NOT NULL COMMENT 'through path',
  `room_description` varchar(255) NOT NULL,
  PRIMARY KEY (`room_id`)
) ENGINE=InnoDB DEFAULT CHARSET=latin1;

--
-- Dumping data for table `roomlisting`
--

INSERT INTO `roomlisting` (`hotel_id`, `room_id`, `room_type`, `room_price`, `img1`, `img2`, `img3`, `room_description`) VALUES
('10', '1001', 'Standard', '3815', 'http://www.thegrandhighness.com/wp-content/uploads/2015/10/STANDARD-ROOM-1000x667.jpg', 'http://www.thegrandhighness.com/wp-content/uploads/2015/10/STANDARD-ROOM-WASH-ROOM-1000x667-870x470.jpg', 'http://www.thegrandhighness.com/wp-content/uploads/2015/10/IMG_3678-870x470.jpg', 'Standard Room are fully equipped with all basic amenities one needs for Comfortable stay i.e. Air Conditioned, Flat T.V. Screen, Cozy Spring Beds both 18 Queen Size Rooms & 3 Twin Bed Rooms with Spacious wardrobe.'),
('10', '1002', 'Executive', '4578', 'http://www.thegrandhighness.com/wp-content/uploads/2015/10/EXECUTIVE-ROOM-1000x667.jpg', 'http://www.thegrandhighness.com/wp-content/uploads/2015/07/back_img-870x470.jpg', 'http://www.thegrandhighness.com/wp-content/uploads/2015/10/EXECUTIVE-WASHROOM-1000x667-870x470.jpg', 'Executive Room are conceived and developed for guests with a preference for bigger living space. Decorated in contemporary Style with Spacious and Shooting city view from Balcony. '),
('10', '1003', 'Presidential Suite', '6484', 'http://www.thegrandhighness.com/wp-content/uploads/2015/10/PRESIDENTAIL-SUITE-1000x667.jpg', 'http://www.thegrandhighness.com/wp-content/uploads/2015/10/IMG_3826-870x470.jpg', 'http://www.thegrandhighness.com/wp-content/uploads/2015/10/PRESIDENTAIL-SUITE-WASH-ROOM-1000x667-870x470.jpg', 'Located on the Uppermost floors, the Presidential Suite offers you one of the most Splendid Hotel experiences. With a Stunning view of the Glittering City-skyline and Sea View, Magnificent living room is the perfect setting to entertain guests.'),
('11', '1101', 'Standard', '2615', 'https://r2imghtlak.mmtcdn.com/r2-mmt-htl-image/201908021756587530-2d2d0880b8f111e994390242ac110003.jpg?&output-quality=75&downsize=520:350&crop=520:350;2,0&output-format=jpg', 'https://r2imghtlak.mmtcdn.com/r2-mmt-htl-image/201908021756587530-478ecfb6b91d11e98a0c0242ac11000d.jpg?&output-quality=75&downsize=520:350&crop=520:350;2,0&output-format=jpg', 'https://r1imghtlak.mmtcdn.com/e3d6d97cb91d11e99a380242ac110004.jpg?&output-quality=75&downsize=520:350&crop=520:350;0,20&output-format=jpg', 'Room Size: 169.53 sq.ft.\r\nBed Type: Double Bed\r\nView: Swimming Pool View'),
('11', '1102', 'Deluxe', '2880', 'https://r2imghtlak.mmtcdn.com/r2-mmt-htl-image/201908021756587530-d7936788bf6811e9ad430242ac110003.jpg?&output-quality=75&downsize=520:350&crop=520:350;2,0&output-format=jpg', 'https://r2imghtlak.mmtcdn.com/r2-mmt-htl-image/201908021756587530-fab3ac8cbf6811e9b2930242ac110003.jpg?&output-quality=75&downsize=520:350&crop=520:350;2,0&output-format=jpg', 'https://r2imghtlak.mmtcdn.com/r2-mmt-htl-image/201908021756587530-74dddb1eb91e11e98ac40242ac110003.jpg?&output-quality=75&downsize=520:350&crop=520:350;2,0&output-format=jpg', 'Room Size: 180 sq.ft.\r\nBed Type: Queen Bed\r\nView: Swimming Pool View'),
('11', '1103', 'Suite', '5040', 'https://r2imghtlak.mmtcdn.com/r2-mmt-htl-image/201908021756587530-9af45e70b92011e992da0242ac110003.jpg?&output-quality=75&downsize=520:350&crop=520:350;2,0&output-format=jpg', 'https://r2imghtlak.mmtcdn.com/r2-mmt-htl-image/201908021756587530-389aa77eb92111e98bb60242ac110006.jpg?&output-quality=75&downsize=520:350&crop=520:350;2,0&output-format=jpg', 'https://r2imghtlak.mmtcdn.com/r2-mmt-htl-image/201908021756587530-176834eab92111e9ac720242ac110002.jpg?&output-quality=75&downsize=520:350&crop=520:350;2,0&output-format=jpg', 'Room Size: 360 sq.ft.\r\nBed Type: Queen Bed\r\nView: Swimming Pool View'),
('12', '1201', 'Super Deluxe ', '3199', 'http://www.sunparkresorts.com/wp-content/uploads/photo-gallery/1.%20Deluxe%20Room.jpg', 'http://www.sunparkresorts.com/wp-content/uploads/photo-gallery/10513.jpg', '', 'Fitted with a series of state-of-the-art leisure facilities and in-room amenities that surpass the comfort and access afforded by any other in this category of luxury accommodation, the Deluxe rooms promise an unforgettable experience.'),
('12', '1202', 'Honeymoon Room', '3699', 'http://www.sunparkresorts.com/wp-content/uploads/photo-gallery/2%20(3).JPG', 'http://www.sunparkresorts.com/wp-content/uploads/photo-gallery/3%20(1).JPG', 'http://www.sunparkresorts.com/wp-content/uploads/photo-gallery/4%20(2).JPG', 'Specially crafted rooms with round beds & tastefully designed décor for newly married couples.'),
('12', '1203', 'Luxury Suite', '4199', 'http://www.sunparkresorts.com/wp-content/uploads/photo-gallery/thumb/2%20(5).JPG', 'http://www.sunparkresorts.com/wp-content/uploads/photo-gallery/thumb/6.JPG', 'http://www.sunparkresorts.com/wp-content/uploads/photo-gallery/thumb/5.JPG', 'Gracefully appointed, the Luxury Suites offer a feel that strikes a delicate balance between relaxed luxury and efficient state-of-the-art facilities, making it the ideal accommodation for leisure and corporate travellers.'),
('12', '1204', 'Duplex Suite', '7999', 'http://www.sunparkresorts.com/wp-content/uploads/2014/12/Duplex-Main-Pic.jpg', 'http://www.sunparkresorts.com/wp-content/uploads/photo-gallery/thumb/2%20(9).JPG', 'http://www.sunparkresorts.com/wp-content/uploads/photo-gallery/6%20(3).JPG', 'The Duplex Suite, on two levels, is the jewel of Sun Park Resort Manali. Its distribution on two levels, one bedroom with attached bathroom on the lower floor and one bedroom with attached bathroom on upper floor make it a suite with comfort & privacy.'),
('13', '1301', 'Classic Room', '2508', 'https://r1imghtlak.mmtcdn.com/f63240a094b311e8b1f2022c963249e0.jpg?&output-quality=75&downsize=520:350&crop=520:350;81,0&output-format=jpg', 'https://r1imghtlak.mmtcdn.com/f630f2fe94b311e894330ac89a1b4c4e.jpg?&output-quality=75&downsize=520:350&crop=520:350;20,0&output-format=jpg', 'https://r1imghtlak.mmtcdn.com/7515b96a718811e79216025f77df004f.jpg?&output-quality=75&downsize=520:350&crop=520:350;2,0&output-format=jpg', 'Classic Rooms are elegantly furnished and aesthetically designed rooms that spell comfort and convenience. Offering a plush King bed, loaded with all modern amenities, these rooms have no view.'),
('13', '1302', 'Superior room', '2798', 'https://r1imghtlak.mmtcdn.com/daca2070718811e7b1ef025f77df004f.jpg?&output-quality=75&downsize=520:350&crop=520:350;2,0&output-format=jpg', 'https://r1imghtlak.mmtcdn.com/1a3f13a06f1611e48dea36cfdd80c293.jfif?&output-quality=75&downsize=520:350&crop=520:350;20,0&output-format=jpg', 'https://r1imghtlak.mmtcdn.com/93c33892718811e79216025f77df004f.jpg?&output-quality=75&downsize=520:350&crop=520:350;2,0&output-format=jpg', 'Enjoy Panoramic view of snow clad mountains from Superior rooms which are elegantly furnished with all modern amenities. Offering a plush King bed these rooms are ideal for 02 adults only.'),
('13', '1303', 'Junior Suite', '5017', 'https://r1imghtlak.mmtcdn.com/beb36c8a94b311e8ac5b0224510f5e5b.jpg?&output-quality=75&downsize=520:350&crop=520:350;81,0&output-format=jpg', 'https://r1imghtlak.mmtcdn.com/bfcd1ec294b311e8805a0a9df65c8753.jpg?&output-quality=75&downsize=520:350&crop=520:350;2,0&output-format=jpg', 'https://r1imghtlak.mmtcdn.com/beaa352a94b311e8a6090a9df65c8753.jpg?&output-quality=75&downsize=520:350&crop=520:350;2,0&output-format=jpg', 'Junior Suite Rooms are duplex rooms ideal for 02 adults & 02 children. You have two independent floors with separate bathrooms at your disposal with independent amenities on both floors.'),
('13', '1304', 'Presidential Suite', '6078', 'https://r1imghtlak.mmtcdn.com/888110e094b311e88fd40aac31f7adf0.jpg?&output-quality=75&downsize=520:350&crop=520:350;81,0&output-format=jpg', 'https://r1imghtlak.mmtcdn.com/b53c279a718811e7a23f0a4cef95d023.jpg?&output-quality=75&downsize=520:350&crop=520:350;2,0&output-format=jpg', 'https://r1imghtlak.mmtcdn.com/888d67f094b311e8a675022c963249e0.jpg?&output-quality=75&downsize=520:350&crop=520:350;29,0&output-format=jpg', 'Enjoy the diverse and mystic beauty of the valley, serene mountains, lush meadows, dense deodar and pine forests, gushing Beas River, cultivated step terraces and fruit orchards, from these ideally placed luxurious rooms.'),
('14', '1401', 'Valley View Room', '2918', 'https://www.resavenue.com/prop_images/R12467.jpg', 'https://www.resavenue.com/prop_images/R1_12467.jpg', 'https://r1imghtlak.mmtcdn.com/d8c8b052ed7011e7a30702755708f0b3.jfif?&output-quality=75&downsize=520:350&crop=520:350;2,0&output-format=jpg', 'The Valley View Rooms have a beautiful view of the Pirpanjal Ranges and the Snow Covered Mountains. '),
('14', '1402', 'River Front Room ', '6999', 'https://www.resavenue.com/prop_images/R12468.jpg', 'https://www.resavenue.com/prop_images/R1_12468.jpg', 'https://www.resavenue.com/prop_images/R2_12468.jpg', 'River View rooms with Private Balcony are just a few meters away from the banks of River Beas. Just Sit back and view the beautiful Rohtang Mountains '),
('15', '1501', 'Classic Room', '3013', 'https://www.sterlingholidays.com/content/dam/sterlingholidays/rooms/ooty-elkhill/classic/sterling-ooty-classic-room01.jpg.imgw.1280.1280.jpeg', 'https://www.sterlingholidays.com/content/dam/sterlingholidays/rooms/ooty-elkhill/classic/sterling-ooty-classic-room02.jpg.imgw.1280.1280.jpeg', 'https://www.sterlingholidays.com/content/dam/sterlingholidays/rooms/ooty-elkhill/classic/sterling-ooty-classic-room03.jpg.imgw.1280.1280.jpeg', 'Unwind in this contemporary 190 sq.ft room that comes with a city as well as valley view. The classic rooms come with an option of queen / twin beds and can accommodate a maximum of 2 adults and 1 child. '),
('15', '1502', 'Premier Room', '3502', 'https://www.sterlingholidays.com/content/dam/sterlingholidays/rooms/ooty-elkhill/premiere/sterling-ooty-premiere-suite01.jpg.imgw.1280.1280.jpeg', 'https://www.sterlingholidays.com/content/dam/sterlingholidays/rooms/ooty-elkhill/premiere/sterling-ooty-premiere-suite02.jpg.imgw.1280.1280.jpeg', 'https://www.sterlingholidays.com/content/dam/sterlingholidays/rooms/ooty-elkhill/premiere/sterling-ooty-premiere-suite03.jpg.imgw.1280.1280.jpeg', 'Premier Rooms come with a choice of queen / twin beds and a single sofa cum bed. They are 220 sq.ft in size and come with a city as well as valley view. Premier rooms accommodate a maximum of 2 adults and 2 children / 3 adults.'),
('15', '1503', 'Privilege Suite', '3853', 'https://www.sterlingholidays.com/content/dam/sterlingholidays/rooms/ooty-elkhill/privilege/sterling-ooty-privilege-suite03.jpg.imgw.1280.1280.jpeg', 'https://www.sterlingholidays.com/content/dam/sterlingholidays/rooms/ooty-elkhill/privilege/sterling-ooty-privilege-suite01.jpg.imgw.1280.1280.jpeg', 'https://www.sterlingholidays.com/content/dam/sterlingholidays/rooms/ooty-elkhill/privilege/sterling-ooty-privilege-suite02.jpg.imgw.1280.1280.jpeg', 'Each meticulously designed Privilege Suite comes with a king-sized bed and a separate living area replete with a double sofa cum bed. Covering an area of 380 sq.ft, this spacious suite can accommodate a maximum of 3 adults and 1 child.'),
('15', '1504', 'Family Suite', '6057', 'https://r1imghtlak.mmtcdn.com/61a8031a877011e48a6b32e76f7e45c9.jfif?&output-quality=75&downsize=520:350&crop=520:350;41,0&output-format=jpg', 'https://www.sterlingholidays.com/content/dam/sterlingholidays/rooms/ooty-elkhill/2br/sterling-ooty-elkhill-2br3-vo.jpg.imgw.1280.1280.jpeg', 'https://www.sterlingholidays.com/content/dam/sterlingholidays/rooms/ooty-elkhill/2br/sterling-ooty-elkhill-2br2-vo.jpg.imgw.1280.1280.jpeg', '2 Bedroom apartments are extra spacious to suit your needs. They come with two bedrooms with king sized beds and a separate living area with a double sofa cum bed. With stunning views, this apartment can accommodate a maximum of 6 adults.'),
('16', '1601', 'Executive Suite', '3500', 'http://mountnmist.net/images/queensuite_5.png', 'http://mountnmist.net/images/executive_3.jpg', 'http://mountnmist.net/images/kingssuite_3.jpg', 'The Executive Suite comprises of a single bedroom with a king size bed and an attached bathroom. It can accommodate 2 adults. It comes with a living cum dining room attached to it. Complimentary breakfast is provided for the guests.'),
('16', '1602', 'Queen Suite', '5000', 'http://mountnmist.net/images/queensuite_5.png', 'http://mountnmist.net/images/queensuite_4.png', 'http://mountnmist.net/images/queensuite_1.jpg', 'The Queen Suite at Mount ''N Mist has 2 rooms with a common living, dining room & furnished bedroom with 2 King Size beds. A delightful view awaits you here, from the Queen Suite. Perfect for families & Couples travelling together.'),
('16', '1603', 'King Suite', '7500', 'http://mountnmist.net/images/kingssuite_4.jpg', 'http://mountnmist.net/images/kingssuite_5.jpg', 'http://mountnmist.net/images/kingssuite_1.jpg', 'Travelling in a group of 6 ? Perfect !! The King Suite has 3 rooms with attached bathrooms, making it perfect if you are travelling in a group.'),
('16', '1604', 'Honeymoon Package', '6999', 'http://mountnmist.net/images/deluxeroom_3.jpg', 'http://mountnmist.net/images/deluxeroom_6.jpg', 'http://mountnmist.net/images/deluxeroom_2.jpg', '2D/ 1N\r\nIncludes Free Pickup & drop from Ooty Town\r\nFlower Bed Decoration\r\nPackage incl breakfast, lunch and dinner\r\nA special Candle Light Dinner with Cake\r\nIncludes one day sighseeing or Jungle Safari'),
('17', '1701', 'Deluxe Room', '3618', 'https://www.sinclairshotels.com/assets/images/ooty/deluxe_room.jpg', 'https://r1imghtlak.mmtcdn.com/1b37c8f2f49111e781d00a4cef95d023.jpg?&output-quality=75&downsize=520:350&crop=520:350;2,0&output-format=jpg', 'https://r1imghtlak.mmtcdn.com/7b5bb75a643111e9ada50242ac110002.jpg?&output-quality=75&downsize=520:350&crop=520:350;0,85&output-format=jpg', 'Overlooks pine forests interspersed with eucalyptus trees.'),
('17', '1702', 'Premier Room', '3919', 'https://www.sinclairshotels.com/assets/images/ooty/premier_room.jpg', 'https://r1imghtlak.mmtcdn.com/fc362fb0427d11ea902a0242ac110004.jfif?&output-quality=75&downsize=520:350&crop=520:350;2,0&output-format=jpg', 'https://r1imghtlak.mmtcdn.com/fc33ab3c427d11eab0e20242ac110003.jfif?&output-quality=75&downsize=520:350&crop=520:350;0,20&output-format=jpg', 'Offers a breathtaking view of the Blue Mountains and Ooty valley.'),
('17', '1703', 'Deluxe Suite', '5653', 'https://www.sinclairshotels.com/assets/images/ooty/deluxe_suite.jpg', 'https://r1imghtlak.mmtcdn.com/1f3238fcf49111e7a5a30a4cef95d023.jpg?&output-quality=75&downsize=520:350&crop=520:350;2,0&output-format=jpg', '', 'Spacious and luxurious, the deluxe suites overlook the Blue Mountains and the Ooty valley.'),
('18', '1801', 'Classic Room', '4079', 'https://www.sterlingholidays.com/content/dam/sterlingholidays/rooms/darjeeling-kushalaya/classic/sterling-darjeeling-classic-room1.jpg.imgw.1280.1280.jpeg', 'https://www.sterlingholidays.com/content/dam/sterlingholidays/rooms/darjeeling-kushalaya/classic/sterling-darjeeling-classic-room2.jpg.imgw.1280.1280.jpeg', 'https://www.sterlingholidays.com/content/dam/sterlingholidays/rooms/darjeeling-kushalaya/classic/sterling-darjeeling-classic-room3.jpg.imgw.1280.1280.jpeg', 'Unwind in this contemporary 243 sq.ft room with an expansive view of the resort. The classic rooms come with an option of queen / twin beds and can accommodate a maximum of 2 adults and 1 child. '),
('18', '1802', 'Premier Room', '4656', 'https://www.sterlingholidays.com/content/dam/sterlingholidays/rooms/darjeeling-kushalaya/premiere/sterling-darjeeling-premiere-room2.jpg.imgw.1280.1280.jpeg', 'https://r1imghtlak.mmtcdn.com/6134b70abe1011e7ab210224510f5e5b.jpg?&output-quality=75&downsize=520:350&crop=520:350;2,0&output-format=jpg', '', 'Premier Rooms come with a choice of queen / twin beds and a single sofa cum bed. They are 303 sq.ft in size and come with an expansive view of the resort. Premier rooms accommodate a maximum of 2 adults and 2 children / 3 adults. '),
('18', '1803', 'Privilege Suite', '5387', 'https://www.sterlingholidays.com/content/dam/sterlingholidays/rooms/darjeeling-kushalaya/privilege/sterling-darjeeling-privilege-suite5-revised.jpg.imgw.1280.1280.jpeg', 'https://www.sterlingholidays.com/content/dam/sterlingholidays/rooms/darjeeling-kushalaya/privilege/sterling-darjeeling-privilege-suite1.jpg.imgw.1280.1280.jpeg', 'https://r1imghtlak.mmtcdn.com/e10719fc7da411e79b75025f77df004f.jpg?&output-quality=75&downsize=520:350&crop=520:350;2,0&output-format=jpg', 'Each meticulously designed Privilege Suite comes with a king-sized bed and a separate living area replete with a double sofa cum bed. Covering an area of 589 sq.ft, this spacious suite can accommodate a maximum of 3 adults and 1 child. '),
('19', '1901', 'Executive Room', '8250', 'https://r-cf.bstatic.com/xdata/images/hotel/max1024x768/209359440.jpg?k=80e66c1ba55f65c594fcca96fbe7ce16665af975cd4a1ffa76a71172312ffc32&o=', 'https://www.mayfairhotels.com/img/room-images/darjeeling/executive_Room_big.jpg', 'https://q-cf.bstatic.com/xdata/images/hotel/max1024x768/149229293.jpg?k=54dce8f2df988c20891d93978410a095f19e9700aaa25b514502c0ca6a8d139d&o=', 'Have a restful break in the hills of Darjeeling by recharging yourself with the convenient but luxurious comforts of the Room. It comes fitted with thoughtful amenities.'),
('19', '1902', 'Deluxe Room', '8750', 'https://r-cf.bstatic.com/xdata/images/hotel/max1024x768/149220696.jpg?k=7fa8f6b4cf5d0ad3c2188b3660d692298c23918cf9b5247b834dda556062366a&o=', 'https://q-cf.bstatic.com/xdata/images/hotel/max1024x768/29635482.jpg?k=01dffd24e808c8314ab7c8d350dd7d28b43864c2a3961c5d4cdf7ff277c61e9e&o=', 'https://r-cf.bstatic.com/xdata/images/hotel/max1024x768/29701608.jpg?k=a3cee4eb9624c60164de74a15e4879c678b3b529338d2cf880b6ce8169988d03&o=', 'Twin/King Size Bed,Cosy Couches,Fire Place,LCD TV with DTH Connection,DVD Player'),
('19', '1903', 'Suite', '12000', 'https://www.mayfairhotels.com/img/room-images/darjeeling/Suite%201349x580.jpg', 'https://q-cf.bstatic.com/xdata/images/hotel/max1024x768/209359436.jpg?k=633b81bf0b6e8dc23d14ffa462f19e6d1e2fcffbc18d25c0e755e665abf2e624&o=', 'https://q-cf.bstatic.com/xdata/images/hotel/max1024x768/209359466.jpg?k=8a605bedfb04a100e33a6d157954a0847e69bfe8832791e2e3c95868fb74fb18&o=', 'Vintage wooden furniture, gorgeous wood panelling and a large amount of space characterise the Suite at Mayfair Darjeeling. It also comes with a complimentary mini bar and a private sit out.'),
('20', '2001', 'Premium Room', '2082', 'https://i0.wp.com/udaanhotels.com/wp-content/uploads/2019/08/DSC0641-Pano-Edit.jpg?resize=1024%2C624&ssl=1', 'https://pix6.agoda.net/hotelImages/8416574/-1/8226d32fc1d9271df22d2ac832f91e3e.jpg', 'https://r2imghtlak.mmtcdn.com/r2-mmt-htl-image/201906241902572914-ea9ec5ccc0e211e995250242ac110003.jpg?&output-quality=75&downsize=520:350&crop=520:350;14,0&output-format=jpg', 'Room Size: 256 sq.ft.\r\nBed Type: Double Bed\r\nRoom Service\r\nHeater'),
('20', '2002', 'British Room', '2132', 'https://r2imghtlak.mmtcdn.com/r2-mmt-htl-image/201906241902572914-bbe64c22c0e311e98e130242ac110002.jpg?&output-quality=75&downsize=520:350&crop=520:350;2,0&output-format=jpg', 'https://i1.wp.com/udaanhotels.com/wp-content/uploads/2019/08/Dekeling-Rooms-10-e1577434521934.jpg?w=499&ssl=1', 'https://r2imghtlak.mmtcdn.com/r2-mmt-htl-image/201906241902572914-0b300a44c4c111e9ac6d0242ac110004.jpg?&output-quality=75&downsize=520:350&crop=520:350;2,0&output-format=jpg', 'Room Size: 499.97 sq.ft.\r\nBed Type: Double Bed\r\nRoom Service\r\nHeater\r\nFree Wi-Fi\r\nElectric Kettle'),
('20', '2003', 'Family Room', '2688', 'https://r2imghtlak.mmtcdn.com/r2-mmt-htl-image/201906241902572914-68899b30fd3b11e9b0700242ac110003.jpg?&output-quality=75&downsize=520:350&crop=520:350;2,0&output-format=jpg', 'https://i1.wp.com/udaanhotels.com/wp-content/uploads/2019/08/Dekeling-Rooms-3.jpg?resize=1024%2C616&ssl=1', 'https://pix6.agoda.net/hotelImages/8416574/-1/75ec1df175850c987b6bcfe887c637ad.jpg', 'Room Size: 209.96 sq.ft.\r\nBed Type: Double Bed\r\nRoom Service\r\nHeater'),
('21', '2101', 'Deluxe Rooms', '2990', 'https://r1imghtlak.mmtcdn.com/000413b6ecd111e595d60022195573b9.jpg?&output-quality=75&downsize=520:350&crop=520:350;2,0&output-format=jpg', 'https://r1imghtlak.mmtcdn.com/05131578ecd111e5b35d001ec9b85d13.jpg?&output-quality=75&downsize=520:350&crop=520:350;2,0&output-format=jpg', 'https://r2imghtlak.mmtcdn.com/r2-mmt-htl-image/201606211215445267-3c1a5eca60e911e9a8260242ac110009.jpg?&output-quality=75&downsize=520:350&crop=520:350;39,0&output-format=jpg', 'Room Size: 168 sq.ft.\r\nBed Type: double\r\n24-hour Room Service\r\nFree Wi-Fi'),
('22', '2202', 'Double room', '2791', 'https://r1imghtlak.mmtcdn.com/e362ceb8e69211e98b870242ac110003.jpg?&output-quality=75&downsize=520:350&crop=520:350;51,0&output-format=jpg', 'https://r1imghtlak.mmtcdn.com/0b866af8e69311e98dcd0242ac110002.jpg?&output-quality=75&downsize=520:350&crop=520:350;52,0&output-format=jpg', 'https://r1imghtlak.mmtcdn.com/4a4c4096e69311e99bdd0242ac110002.jpg?&output-quality=75&downsize=520:350&crop=520:350;51,0&output-format=jpg', '\r\nRoom Size: 120 sq.ft.\r\nBed Type: double\r\nRoom Service\r\nWi-Fi'),
('23', '2301', 'Deluxe Room', '3088', 'https://www.ladakhhimalayanretreat.com/assets/img/rooms/1.jpg', 'https://r1imghtlak.mmtcdn.com/31e403426f1a11e799cf025f77df004f.jpg?&output-quality=75&downsize=520:350&crop=520:350;2,0&output-format=jpg', 'https://r1imghtlak.mmtcdn.com/ec948ffc6c3911e6b258001ec9b85d13.jfif?&output-quality=75&downsize=520:350&crop=520:350;54,0&output-format=jpg', 'Deluxe rooms ensure a rich blend of comfort and luxury in most pocket friendly manner. The rooms are quite cozy and comfortable.'),
('23', '2302', 'Junior Suite Room', '3358', 'https://r1imghtlak.mmtcdn.com/5914caa67cd511e6b7ef36cfdd80c293.jfif?&output-quality=75&downsize=520:350&crop=520:350;0,20&output-format=jpg', 'https://r1imghtlak.mmtcdn.com/22a0700a6f1a11e795bd025f77df004f.jpg?&output-quality=75&downsize=520:350&crop=520:350;2,0&output-format=jpg', 'https://r1imghtlak.mmtcdn.com/49bcdc6e7cd611e68d5836cfdd80c293.jfif?&output-quality=75&downsize=520:350&crop=520:350;0,20&output-format=jpg', 'Junior Suite rooms are spacious with sitting area. It offers beautiful view of Stok Kangri.Junior rooms are furnished with double bed.'),
('24', '2401', 'Superior Room', '2260', 'https://r1imghtlak.mmtcdn.com/08655c32ae0611e481355ee5da2daa2a.jfif?&output-quality=75&downsize=520:350&crop=520:350;12,0&output-format=jpg', 'https://r1imghtlak.mmtcdn.com/88ecd69a368811eaa29d0242ac110004.jpg?&output-quality=75&downsize=520:350&crop=520:350;14,0&output-format=jpg', 'https://r1imghtlak.mmtcdn.com/ee98ba9af69311e78020025f77df004f.jpg?&output-quality=75&downsize=520:350&crop=520:350;81,0&output-format=jpg', 'Rest comfortably in a superior room, featuring your choice of one king or two twin beds along with amenities like individual climate control, turndown service, and packaged drinking water.'),
('24', '2402', 'Deluxe Room', '3354', 'https://q-cf.bstatic.com/xdata/images/hotel/max1024x768/22974151.jpg?k=92713ea3d3733631eb4ff644ef5e8a381b65cbe861991a825c1dbe3c147ae288&o=', 'https://r-cf.bstatic.com/xdata/images/hotel/max1024x768/22974150.jpg?k=944198a891f0f3ee89f3973de8a286144e12f38135868e579c99325460359d4a&o=', 'https://q-cf.bstatic.com/xdata/images/hotel/max1024x768/22987103.jpg?k=a609f05ed10ba778a665356f75cc0b2c5b4bd6c8ff96efa7f91961a4d7cc5bb9&o=', 'Our fourth-floor deluxe rooms offer one king or two twin beds, beautiful wooden floors and large windows to take in views of the Chamundi Hills. Keep up with the headlines with our free Wi-Fi and free weekday newspaper.'),
('24', '2403', 'Junior Suite', '4448', 'https://r-cf.bstatic.com/xdata/images/hotel/max1024x768/22974179.jpg?k=e6385bf62f879fc1e016be4f669995daa5b636bb9fba5e187283f3700755ada5&o=', 'https://r1imghtlak.mmtcdn.com/0fa69d6236e611eaa3d60242ac11000b.jpg?&output-quality=75&downsize=520:350&crop=520:350;25,0&output-format=jpg', 'https://r1imghtlak.mmtcdn.com/87233694368b11eab5480242ac110002.jpg?&output-quality=75&downsize=520:350&crop=520:350;0,19&output-format=jpg', 'Our junior suite offers extra space for your group with a king bed in the bedroom, a separate living room, and a dining area with a table. A complimentary basket of fruit and cookies keeps hunger at bay.'),
('24', '2404', 'Suite', '4812', 'https://r-cf.bstatic.com/xdata/images/hotel/max1024x768/22974185.jpg?k=89ca9eb39823b8fe960f9b6251c6c767f2dbaf332badca8420f3ba0333abc9e2&o=', 'https://r2imghtlak.mmtcdn.com/r2-mmt-htl-image/201212061002323973-2c8c94b836e611ea85020242ac110005.jpg?&output-quality=75&downsize=520:350&crop=520:350;0,40&output-format=jpg', '', 'Conveniently located on the first floor of the hotel, our suites feature a king bed in the bedroom and put you a quick walk away from our free, hot breakfast each morning. '),
('25', '2501', 'Deluxe Room', '2969', 'https://r1imghtlak.mmtcdn.com/ueieipsdjl7ppfqo1tb2hjct006o.jpg?&output-quality=75&output-format=jpg', 'https://r1imghtlak.mmtcdn.com/0e14027a781411e7ad04025f77df004f.jpg?&output-quality=75&downsize=520:350&crop=520:350;2,0&output-format=jpg', 'https://r1imghtlak.mmtcdn.com/35aa9930781311e7800e0a4cef95d023.jpg?&output-quality=75&downsize=520:350&crop=520:350;2,0&output-format=jpg\r\n', 'Our Deluxe Rooms aim to offer a blissfully relaxed stay in a contemporary ambience. The room comes with an option of either a king size bed or twin beds.'),
('25', '2502', 'Fortune Club Rooms', '4139', 'https://r1imghtlak.mmtcdn.com/ba7f548a781211e7a2030a4cef95d023.jpg?&output-quality=75&downsize=520:350&crop=520:350;2,0&output-format=jpg', 'https://r1imghtlak.mmtcdn.com/c4ac8e1e781211e7800e0a4cef95d023.jpg?&output-quality=75&downsize=520:350&crop=520:350;2,0&output-format=jpg', 'https://r1imghtlak.mmtcdn.com/1866116a781311e7875f0a4cef95d023.jpg?&output-quality=75&downsize=520:350&crop=520:350;2,0&output-format=jpg', 'Fortune Club Rooms are designed to offer the guest a little extra of everything. These rooms provide an upscale product/service comparable to the “Best in Class” rooms in the city.'),
('25', '2503', 'Junior Suite Room', '10800', 'https://r1imghtlak.mmtcdn.com/94849096781311e7b3860a4cef95d023.jpg?&output-quality=75&downsize=520:350&crop=520:350;2,0&output-format=jpg', 'https://r1imghtlak.mmtcdn.com/4f6db5b8781411e7800e0a4cef95d023.jpg?&output-quality=75&downsize=520:350&crop=520:350;2,0&output-format=jpg\r\n', 'https://r1imghtlak.mmtcdn.com/3a36ca40781411e790c40a4cef95d023.jpg?&output-quality=75&downsize=520:350&crop=520:350;2,0&output-format=jpg', 'The Suites offer a separate living area, private work station, and a king-sized double bed. The four fixture spacious bathroom comes with bathrobes and luxurious bath amenities.'),
('26', '2601', 'Standard Double Room', '1205', 'https://www.gingerhotels.com/resourcefiles/roomssnippetimages/ginger-mysore-standard-room.jpg?version=3042020012528', 'https://r2imghtlak.mmtcdn.com/r2-mmt-htl-image/200701171638057267-c2199f44ad0c11e4b82536cfdd80c293.jpg?&output-quality=75&downsize=520:350&crop=520:350;2,0&output-format=jpg', 'https://r2imghtlak.mmtcdn.com/r2-mmt-htl-image/200701171638057267-d516cd4cad0c11e49ac332e76f7e45c9.jpg?&output-quality=75&downsize=520:350&crop=520:350;2,0&output-format=jpg\r\n', 'This room sleeps two adults comfortably, and features a queen bed, complimentary Wi-Fi, tea and coffee maker, and flat-screen HDTV.'),
('26', '2602', 'Standard Twin Room', '1205', 'https://www.gingerhotels.com/resourcefiles/roomssnippetimages/ginger-mysore-standard-twin-room.jpg?version=3042020012528', 'https://r2imghtlak.mmtcdn.com/r2-mmt-htl-image/200701171638057267-70818636ad0e11e490ce36cfdd80c293.jpg?&output-quality=75&downsize=520:350&crop=520:350;2,0&output-format=jpg', 'https://r2imghtlak.mmtcdn.com/r2-mmt-htl-image/200701171638057267-68848ec4ad0e11e4877d36cfdd80c293.jpg?&output-quality=75&downsize=520:350&crop=520:350;2,0&output-format=jpg', 'This room sleeps two adults comfortably, and features twin beds, complimentary Wi-Fi, tea and coffee maker, and flat-screen HDTV.'),
('27', '2701', 'Deluxe Room', '3279', 'https://www.royalorchidhotels.com/images/Rooms/05_37_2019_07_37_11Delux%20Room%20(2).jpg', 'https://r1imghtlak.mmtcdn.com/8c6e86b850ba11e687960015c5f4277e.jpg?&output-quality=75&downsize=520:350&crop=520:350;0,8&output-format=jpg', 'https://r1imghtlak.mmtcdn.com/af0f727c50ba11e6a5e35ee5da2daa2a.jpg?&output-quality=75&downsize=520:350&crop=520:350;0,8&output-format=jpg', 'Facing the beautiful Aravallis and lake, Deluxe Rooms feature many user-friendly amenities such as lamps, side tables next to the bed, electronic safe, tea/coffee maker and so on. '),
('27', '2702', 'Executive Deluxe Room', '4066', 'https://www.royalorchidhotels.com/images/Rooms/8W_Oct_2018_05_38_59Executive%20Room%20(2).jpg', 'https://r1imghtlak.mmtcdn.com/761c1afe50bc11e6bdbe0022195573b9.jpg?&output-quality=75&downsize=520:350&crop=520:350;0,8&output-format=jpg', 'https://r1imghtlak.mmtcdn.com/243067caf69411e7bc3c0a4cef95d023.jpg?&output-quality=75&downsize=520:350&crop=520:350;2,0&output-format=jpg', 'Overlooking the garden and lake, these rooms have been designed using subtle colours and teak floor. They are well ventilated and bathed by natural light.'),
('27', '2703', 'Club Room', '4722', 'https://www.royalorchidhotels.com/images/Rooms/8W_Oct_2018_05_36_56club-room%20(2).jpg', 'https://r1imghtlak.mmtcdn.com/b7d6222450bb11e6b2c736cfdd80c293.jpg?&output-quality=75&downsize=520:350&crop=520:350;0,8&output-format=jpg', 'https://r1imghtlak.mmtcdn.com/257ed6acf69411e7a5f0025f77df004f.jpg?&output-quality=75&downsize=520:350&crop=520:350;81,0&output-format=jpg', 'Offering the sunrise view, Club Rooms overlook the famous Jal Mahal. Soft pastels complement the teak interiors and upholstery of these rooms. They are illuminated by soft lights and natural sunlight.'),
('28', '2801', 'Standard Room', '1637', 'https://r2imghtlak.mmtcdn.com/r2-mmt-htl-image/20130817191355530-1f3d3d36932011e9841c0242ac110003.jpg?&output-quality=75&downsize=520:350&crop=520:350;51,0&output-format=jpg', 'https://r2imghtlak.mmtcdn.com/r2-mmt-htl-image/20130817191355530-eabc87baa78d11e984840242ac110003.jpg?&output-quality=75&downsize=520:350&crop=520:350;2,0&output-format=jpg', 'https://r2imghtlak.mmtcdn.com/r2-mmt-htl-image/20130817191355530-948d6266931e11e99c5c0242ac110005.jpg?&output-quality=75&downsize=520:350&crop=520:350;51,0&output-format=jpg', '32" LCD TV with over 230 channels, individually controlled air-conditioning, work desk, phone with IDD access, in-room safe, tea and coffee making facilities, hair dryer, iron and ironing board, and 24-hour room service.'),
('28', '2802', 'Leisure Inn Room', '1803', 'https://q-cf.bstatic.com/images/hotel/max1024x768/192/192488345.jpg', 'https://q-cf.bstatic.com/images/hotel/max1024x768/154/154796592.jpg', 'https://q-cf.bstatic.com/images/hotel/max1024x768/214/21475904.jpg', '32" LCD TV with over 230 channels, individually controlled air-conditioning, work desk, phone with IDD access, in-room safe, tea and coffee making facilities, hair dryer, iron and ironing board, and 24-hour room service.'),
('29', '2901', 'Business Room', '4406', 'https://r2imghtlak.mmtcdn.com/r2-mmt-htl-image/201303041731393882-d96e7cbee19111e4a2d9001ec9b85d13.jpg?&output-quality=75&downsize=520:350&crop=520:350;2,0&output-format=jpg', 'https://r2imghtlak.mmtcdn.com/r2-mmt-htl-image/201303041731393882-a88baaf4e19111e48fe436cfdd80c293.jpg?&output-quality=75&downsize=520:350&crop=520:350;74,0&output-format=jpg', 'https://r2imghtlak.mmtcdn.com/r2-mmt-htl-image/201303041731393882-fbfeb79ee19111e4ad265ee5da2daa2a.jpg?&output-quality=75&downsize=520:350&crop=520:350;0,13&output-format=jpg', 'Featuring contemporary ambience and a separate living room, the air-conditioned rooms come with satellite LCD TV, tea/coffee maker and minibar with a free bottle of drinking water replenished daily.'),
('29', '2902', 'Standard Triple Room', '5184', 'https://r-cf.bstatic.com/xdata/images/hotel/max1024x768/18395352.jpg?k=3091f41f2ab61d5357d91c4e975b9ff1d67f6e39ff66ff0a6e4e30b8a1a83a1c&o=', 'https://r-cf.bstatic.com/xdata/images/hotel/max1024x768/18395385.jpg?k=1a189ef0015b5324f08a4f4830f6e64c2d82b6af3ac06f263b1c5614ae408671&o=', 'https://r-cf.bstatic.com/xdata/images/hotel/max1024x768/18395428.jpg?k=4eae99abeb2f7ba4417a847dcaf12ccd5699f7e94519d54d15363e330564f938&o=', 'This triple room features a minibar, bathrobe and air conditioning.'),
('30', '3001', 'Deluxe Room', '2450', 'http://www.lalgarhfortandpalace.com/wp-content/uploads/2017/11/room7.jpg', 'https://pix6.agoda.net/hotelImages/339093/-1/3fcd25ac741749fe965501605900be9d.jpg', 'https://pix6.agoda.net/hotelImages/339093/-1/be8f3ff18c787898c6b63cb128ec7eda.jpg', 'Room size: 16 m²/172 ft²\r\nCity view\r\nNon-smoking\r\nShower'),
('30', '3002', 'Super Deluxe Room', '2950', 'http://www.lalgarhfortandpalace.com/wp-content/uploads/2017/11/room-bed-1.jpg', 'https://pix6.agoda.net/hotelImages/339093/-1/9255bbec479c5e018c8faaecb16984b3.jpg', 'https://pix6.agoda.net/hotelImages/339093/-1/4c5f0e5009a8c3381fc3777b3d59a123.jpg', 'Room size: 19 m²/205 ft²\r\nCity view\r\nBalcony/terrace\r\nShower'),
('3', '301', 'Deluxe', '4500', 'http://www.hotelinderprakash.com/uploads/compressed/4ae849e0a0b808172abedc1e3ab21b261482568750.jpg', 'https://r-cf.bstatic.com/images/hotel/max1024x768/217/217405913.jpg', 'https://r-cf.bstatic.com/images/hotel/max1024x768/217/217405904.jpg', ' Each of these rooms are spacious and the marble flooring in the rooms enhance the brightness of the rooms. '),
('3', '302', 'Super Deluxe', '5550', 'http://www.hotelinderprakash.com/uploads/compressed/ea7c26ba0b6288100d97d6eaa5c587bb1482568611.jpg', 'http://www.hotelinderprakash.com/uploads/compressed/491e62ca36f82e83774e0a2a9b3c582c1482568329.jpg', 'http://www.hotelinderprakash.com/uploads/compressed/653151440cecfb3dfdd9fb3ebbe790921482568330.jpg', ' Meticulously crafted and elaborately furnished, the air-conditioned Super Deluxe Room at Inder Prakash  Udaipur Hotel is the perfect place to stay in. '),
('31', '3101', 'Standard Cosy Room', '3080', 'http://pleasanthaveli.com/feels/pls/images/standard-cozy-room.jpg', 'https://pix6.agoda.net/hotelImages/2990458/-1/ede506e04cf6f97be26201363ef375d3.jpg', 'https://pix6.agoda.net/hotelImages/2990458/-1/e3d8f34ce878d8493a1752b39bd8e840.jpg', 'Max: 2 Person\r\nRoom Size: 10 X 12 feet (120 SQ. Feet)\r\nMini bar\r\nRefrigerator'),
('31', '3102', 'Pleasant Deluxe Room', '3640', 'http://pleasanthaveli.com/feels/pls/images/pleasant-deluxe-room.jpg', 'https://pix6.agoda.net/hotelImages/2990458/-1/1baa3745ea041ebcade7e712e07584ea.jpg', 'https://pix6.agoda.net/hotelImages/299/2990458/2990458_18073019150067189745.jpg', 'Max: 2 Person\r\nRoom Size: 12 X 14 feet (168 SQ. Feet)\r\nMini bar\r\nRefrigerator'),
('32', '3201', 'Standard Room', '1234', 'http://www.royalhavelijaisalmer.com/wp-content/uploads/2016/04/Standard-room-1-hotel-royal-haveli-2-630x210.jpg', 'https://r1imghtlak.mmtcdn.com/a9167e44747311e4b551daf4768ad8d9.jfif?&output-quality=75&downsize=520:350&crop=520:350;4,0&output-format=jpg', 'https://r1imghtlak.mmtcdn.com/f42756ee590911e58d960015c5f4277e.jfif?&output-quality=75&downsize=520:350&crop=520:350;2,0&output-format=jpg', 'Rooms Are equiped with all basic Amenities like Non Smoking Rooms, Air Conditioning, Mini Bar, Tele-phone, Alarm clock, Fan, Satellite/cable TV, Television LCD/plasma screen, Television, DVD/CD player, Toi-letries, Shower, Seating area, Ironing facilities'),
('32', '3202', 'Deluxe room', '1683', 'http://www.royalhavelijaisalmer.com/wp-content/uploads/2016/04/Deluxe-4Hotel-Royal-Haveli-Jaisalmer-Copy.jpg', 'https://r2imghtlak.mmtcdn.com/r2-mmt-htl-image/201408081500434661-bb75d230e26211e99b150242ac110005.jpg?&output-quality=75&downsize=520:350&crop=520:350;2,0&output-format=jpg', 'https://r1imghtlak.mmtcdn.com/7bb8d0ea51b211e789ef02be818ef5c5.jpg?&output-quality=75&downsize=520:350&crop=520:350;2,0&output-format=jpg', 'Rooms Are equiped with all basic Amenities like Non Smoking Rooms, Air Conditioning, Mini Bar, Tele-phone, Alarm clock, Fan, Satellite/cable TV, Television LCD/plasma screen, Television, DVD/CD player, Toi-letries, Shower, Seating area, Ironing facilities'),
('32', '3203', 'Super Deluxe Room', '2177', 'https://r1imghtlak.mmtcdn.com/a6ff7974590811e5ab5b0015c5f4277e.jfif?&output-quality=75&downsize=520:350&crop=520:350;2,0&output-format=jpg', 'https://r1imghtlak.mmtcdn.com/ee16c3f8590811e59b2c0015c5f4277e.jfif?&output-quality=75&downsize=520:350&crop=520:350;2,0&output-format=jpg', 'https://r1imghtlak.mmtcdn.com/141c9b2e1e6d11e7871802755708f0b3.jpg?&output-quality=75&downsize=520:350&crop=520:350;22,0&output-format=jpg', 'Room Size: 224 sq.ft.\r\nBed Type: King Bed\r\nAir Conditioning\r\nFree Wi-Fi\r\nBalcony\r\nMineral Water\r\n'),
('33', '3301', 'Premier Room', '7700', 'https://www.sinclairshotels.com/assets/images/portblair/Premier-Room2.jpg', 'https://www.sinclairshotels.com/assets/images/portblair/premier_room2.jpg', 'https://r1imghtlak.mmtcdn.com/35129f760cf011eaa1340242ac110003.jfif?&output-quality=75&downsize=520:350&crop=520:350;3,0&output-format=jpg', 'The all new Premier room affords a stunning view of the sea. Tastefully furnished, the rooms have all that makes luxury accommodation.'),
('33', '3302', 'Premier Plus', '9483', 'https://www.sinclairshotels.com/assets/images/portblair/Premier-Plus-room.jpg', 'https://r1imghtlak.mmtcdn.com/e7ce21841d7711ea88660242ac110003.jfif?&output-quality=75&downsize=520:350&crop=520:350;3,0&output-format=jpg', 'https://r1imghtlak.mmtcdn.com/e7b3d1261d7711ea8a3b0242ac110006.jfif?&output-quality=75&downsize=520:350&crop=520:350;3,0&output-format=jpg', 'Large size stylishly appointed rooms with three fixture toilets and a wonderful view of the sea.'),
('33', '3303', 'Premier Family Room', '10780', 'https://www.sinclairshotels.com/assets/images/portblair/premier-family-room2.jpg', 'https://r1imghtlak.mmtcdn.com/88ce737201d111e9a37b0242ac110002.jpg?&output-quality=75&downsize=520:350&crop=520:350;51,0&output-format=jpg', 'https://r1imghtlak.mmtcdn.com/8a409a72101311ea8cec0242ac110002.jfif?&output-quality=75&downsize=520:350&crop=520:350;3,0&output-format=jpg', 'The family room is spacious where a family of four can spend their vacation together in great comfort. Equipped with two queen size beds, the room is comfortable for the family. The attached three fixture toilet is ideal for the family.'),
('33', '3304', 'Premier Family Attic Room', '12320', 'https://www.sinclairshotels.com/assets/images/portblair/premier-family-attic-room4.jpg', 'https://r1imghtlak.mmtcdn.com/253b2110101311eaa6840242ac110002.jfif?&output-quality=75&downsize=520:350&crop=520:350;3,0&output-format=jpg', 'https://r1imghtlak.mmtcdn.com/c1fc5f3801d111e9a9270242ac110002.jpg?&output-quality=75&downsize=520:350&crop=520:350;0,20&output-format=jpg', 'This is a family room with an attic where your children can have good fun. With two queen size beds, the room is ideal for a family of four to stay together comfortably. The attached three fixture toilet is ideal for the family.'),
('34', '3401', 'Deluxe cottage', '9000', 'http://www.havelockislandbeachresort.com/pg/images/2.jpg', 'http://www.havelockislandbeachresort.com/pg/images/3.jpg', 'http://www.havelockislandbeachresort.com/pg/images/4.jpg', 'The Deluxe Cottages offers a luxury and spacious accommodation at complete facilities with individually controlled air conditioning, most comfortable King Coil bedding, coffee and tea making facilities, Mini fridge in-room, slippers, hair dryer.'),
('34', '3402', 'Beach Facing Suite Cottage', '11000', 'http://www.havelockislandbeachresort.com/pg-bfsc/images/1.jpg', 'http://www.havelockislandbeachresort.com/images/gallery/images/12.jpg', 'http://www.havelockislandbeachresort.com/pg-bfsc/images/4.jpg', 'he suite cottages are truly heaven for couples looking for a romantic getaway. Glass panned windows of the cottage brings the ambience of the outside beauty into the leaving space with ease.'),
('35', '3501', 'Casa Grande', '4098', 'https://symphonypalmbeachresort-havelock.hotelinandaman.com/images/havelock-casa-symphony-palms.jpg', 'https://pix6.agoda.net/hotelImages/443/443315/443315_16042614390041813833.jpg', 'https://pix6.agoda.net/hotelImages/443/443315/443315_16042614390041813822.jpg', 'A beach resort in Havelock is the best place in terms of beach view, transportation, luxury, food and hospitality. Hotel understand that of guests would like to enjoy and relax in the lap of nature and so hotel offer them exclusive cottages and beach view'),
('35', '3502', 'Havelock Cottage', '5009', 'https://symphonypalmbeachresort-havelock.hotelinandaman.com/images/havelock-cottage-symphony-palms.jpg', 'https://pix6.agoda.net/hotelImages/443/443315/443315_16042615010041815509.jpg', 'https://pix6.agoda.net/hotelImages/443/443315/443315_16042615060041815822.jpg', 'Room Size: 450 sq.ft.\r\nBed Type: Double Bed\r\nView: Garden View\r\nAir Conditioning'),
('35', '3503', 'Lagoon Suite', '6051', 'https://symphonypalmbeachresort-havelock.hotelinandaman.com/images/lagoon-suite-symphony-palms.jpg', 'https://pix6.agoda.net/hotelImages/443/443315/443315_16042614560041814999.jpg', 'https://pix6.agoda.net/hotelImages/443/443315/443315_16042614560041815009.jpg', 'Room Size: 450 sq.ft.\r\nBed Type: King Bed\r\nView: Garden View\r\nAir Conditioning'),
('36', '3601', 'Exotica Attrium Room', '2310', 'https://r2imghtlak.mmtcdn.com/r2-mmt-htl-image/201304121538435811-589ef95c3a6011e4ac2532e76f7e45c9.jpg?&output-quality=75&downsize=520:350&crop=520:350;2,0&output-format=jpg', 'https://r2imghtlak.mmtcdn.com/r2-mmt-htl-image/201304121538435811-631dd6463a6011e4bdd432e76f7e45c9.jpg?&output-quality=75&downsize=520:350&crop=520:350;2,0&output-format=jpg', 'https://r1imghtlak.mmtcdn.com/f5d170d46ee111e7b193025f77df004f.jpg?&output-quality=75&downsize=520:350&crop=520:350;2,0&output-format=jpg', 'Room Size: 196 sq.ft.\r\nBed Type: Double Bed\r\nView: Garden View\r\nRoom Service'),
('36', '3602', 'Exotica Premium Room', '3780', 'https://r1imghtlak.mmtcdn.com/dcdfa9e26ee111e78c5b0a4cef95d023.jpg?&output-quality=75&downsize=520:350&crop=520:350;2,0&output-format=jpg', 'https://r1imghtlak.mmtcdn.com/188105226ee211e7944d025f77df004f.jpg?&output-quality=75&downsize=520:350&crop=520:350;2,0&output-format=jpg', 'https://r2imghtlak.mmtcdn.com/r2-mmt-htl-image/201304121538435811-6s9ek0sf8p5sl6dhohs46is2002n.jpg?&output-quality=75&downsize=520:350&crop=520:350;2,0&output-format=jpg', 'Room Size: 196 sq.ft.\r\nBed Type: Double Bed\r\nView: Garden View\r\n24-hour Room Service'),
('37', '3701', 'Deluxe Rooms', '3362', 'http://peppervine.in/uploads/room/8bd69ed58a221970102a51539d2cedb0.jpg', 'http://peppervine.in/uploads/room/90ca1d3e343cf0874756ccaf4850aa3d.jpg', 'http://peppervine.in/uploads/room/5bfb3255548fe5dd8295706135134e10.jpg', 'our deluxe rooms are well-appointed spaces that are provided with twin beds or double beds as per requirements. Ensuring a comfortable ambience for the stay, these rooms make for a peaceful getaway that refreshes anyone.\r\n'),
('37', '3702', 'Suite Rooms', '5292', 'http://peppervine.in/uploads/room/3ddbf50d6ac2b29540acd831fd9b76c6.jpg', 'http://peppervine.in/uploads/room/dc5fcbdeda939573eb29ea49d3c88133.jpg', 'http://peppervine.in/uploads/room/d8fc40c307c7331f2b9439eac03b5cde.jpg', 'Our suite rooms are exclusive spaces designed to accommodate the needs of every kind of traveller. These large units laden with luxurious amenities and filled with elegant décor elements are ideal for both families and business travellers.'),
('38', '3801', 'Executive A/C Room', '1444', 'https://r1imghtlak.mmtcdn.com/f614e8629bcd11e481c1daf4768ad8d9.jfif?&output-quality=75&downsize=520:350&crop=520:350;0,35&output-format=jpg', 'https://r1imghtlak.mmtcdn.com/daa227b0c9a011e99e5e0242ac110003.jpg?&output-quality=75&downsize=520:350&crop=520:350;81,0&output-format=jpg', 'https://r2imghtlak.mmtcdn.com/r2-mmt-htl-image/201409161907277895-72df2304256111eaa4570202c34c106a.jpg?&output-quality=75&downsize=520:350&crop=520:350;0,20&output-format=jpg', 'Room Size: 100 sq.ft.\r\nBed Type: Twin Bed\r\nAir Conditioning\r\nFree Wi-Fi\r\nIron/Ironing Board\r\nCharging Points'),
('38', '3802', 'Deluxe Room', '1774', 'https://r2imghtlak.mmtcdn.com/r2-mmt-htl-image/201409161907277895-70913010256111ea94b30a4cef95d023.jpg?&output-quality=75&downsize=520:350&crop=520:350;0,20&output-format=jpg', 'https://r2imghtlak.mmtcdn.com/r2-mmt-htl-image/201409161907277895-7097f166256111ea80140a4cef95d023.jpg?&output-quality=75&downsize=520:350&crop=520:350;0,20&output-format=jpg', 'https://r1imghtlak.mmtcdn.com/6b526988739411e7910e0a4cef95d023.jpg?&output-quality=75&downsize=520:350&crop=520:350;81,0&output-format=jpg', 'Room Size: 100 sq.ft.\r\nBed Type: King Bed\r\nAir Conditioning\r\nFree Wi-Fi\r\nIron/Ironing Board\r\nCharging Points'),
('38', '3803', 'Mini Suite', '2269', 'https://r2imghtlak.mmtcdn.com/r2-mmt-htl-image/201409161907277895-6ec690fe256111ea91880aec9a8a582c.jpg?&output-quality=75&downsize=520:350&crop=520:350;0,20&output-format=jpg', 'https://r2imghtlak.mmtcdn.com/r2-mmt-htl-image/201409161907277895-6fd591a2256111ea814a02b35a64fa92.jpg?&output-quality=75&downsize=520:350&crop=520:350;0,20&output-format=jpg', 'https://r2imghtlak.mmtcdn.com/r2-mmt-htl-image/201409161907277895-72790fd8256111eab16a0a4cef95d023.jpg?&output-quality=75&downsize=520:350&crop=520:350;0,20&output-format=jpg', 'Room Size: 100 sq.ft.\r\nBed Type: King Bed\r\nAir Conditioning\r\nFree Wi-Fi\r\nIron/Ironing Board\r\nCharging Points'),
('38', '3804', 'Premium Room', '2042', 'https://r1imghtlak.mmtcdn.com/b34349a89bc711e48ac532e76f7e45c9.jfif?&output-quality=75&downsize=520:350&crop=520:350;0,60&output-format=jpg', 'https://r2imghtlak.mmtcdn.com/r2-mmt-htl-image/201409161907277895-71333770256111eabeda0ac254d2bca4.jpg?&output-quality=75&downsize=520:350&crop=520:350;0,20&output-format=jpg', 'https://r2imghtlak.mmtcdn.com/r2-mmt-htl-image/201409161907277895-71c57cde256111ea809c0202c34c106a.jpg?&output-quality=75&downsize=520:350&crop=520:350;0,20&output-format=jpg', 'Room Size: 100 sq.ft.\r\nBed Type: King Bed\r\nAir Conditioning\r\nFree Wi-Fi\r\nIron/Ironing Board\r\nCharging Points'),
('39', '3901', 'Deluxe Room', '1812', 'https://r2imghtlak.mmtcdn.com/r2-mmt-htl-image/201003021606258483-a610f7a8a83f11e7b47c0224510f5e5b.jpg?&output-quality=75&downsize=520:350&crop=520:350;2,0&output-format=jpg', 'https://r1imghtlak.mmtcdn.com/ec1932c0216d11e59dcfdaf4768ad8d9.jfif?&output-quality=75&downsize=520:350&crop=520:350;2,0&output-format=jpg', 'https://r1imghtlak.mmtcdn.com/b0cd3a2c76ab11e8b0c80a91d71c5d6c.jpg?&output-quality=75&downsize=520:350&crop=520:350;26,0&output-format=jpg', 'Deluxe Rooms at Asiatic Pride Resort, we pride ourselves in offering courteous hospitality and homely comforts by providing luxury rooms complete with en suite facilities.'),
('39', '3902', 'Super Deluxe Room', '2787', 'https://r1imghtlak.mmtcdn.com/3562bb8276ab11e8ba3c023bafc6db58.jpg?&output-quality=75&downsize=520:350&crop=520:350;2,0&output-format=jpg', 'https://r2imghtlak.mmtcdn.com/r2-mmt-htl-image/201003021606258483-b78f2682acc511e782be0a209fbd0127.jpg?&output-quality=75&downsize=520:350&crop=520:350;2,0&output-format=jpg', 'https://r2imghtlak.mmtcdn.com/r2-mmt-htl-image/201003021606258483-c07d3da6acc511e7b14e0a9df65c8753.jpg?&output-quality=75&downsize=520:350&crop=520:350;2,0&output-format=jpg', 'Displaying an attractive contemporary design with tasteful furnishings, Super Deluxe Rooms at Poolside.\r\nThese rooms offers a perfect blend of comfort and privacy to guests, with a sit out balconies facing to the lush green gardens and naturally ambience.'),
('39', '3903', 'Executive Room', '2439', 'https://r2imghtlak.mmtcdn.com/r2-mmt-htl-image/201003021606258483-dcb78004a84111e78a760224510f5e5b.jpg?&output-quality=75&downsize=520:350&crop=520:350;2,0&output-format=jpg', 'https://r2imghtlak.mmtcdn.com/r2-mmt-htl-image/201003021606258483-43d5c70eacc611e793c10a209fbd0127.jpg?&output-quality=75&downsize=520:350&crop=520:350;0,31&output-format=jpg', '', 'The Executive Rooms at Asiatic Pride Resort – with terrific artistic ambience & décor is supported by the color scheme & contemporary designed furniture with all the facilities & amenities one can think of a perfect family holiday.'),
('40', '4001', 'Standard A/c Room', '2373', 'https://r1imghtlak.mmtcdn.com/7574caec708711e78a53025f77df004f.jpg?&output-quality=75&downsize=520:350&crop=520:350;2,0&output-format=jpg', 'https://r1imghtlak.mmtcdn.com/9311b36c708711e78d6c0a4cef95d023.jpg?&output-quality=75&downsize=520:350&crop=520:350;2,0&output-format=jpg', 'https://r1imghtlak.mmtcdn.com/ed47d172708711e78d6c0a4cef95d023.jpg?&output-quality=75&downsize=520:350&crop=520:350;2,0&output-format=jpg', 'Room Size: 160 sq.ft.\r\nBed Type: King Bed\r\nView: Garden View\r\nTV\r\nGeyser/Water Heater'),
('40', '4002', 'Swiss AC Tent', '2373', 'https://r1imghtlak.mmtcdn.com/vfd944iqlh0sb50a6n3fjerr007h.png?&output-quality=75&downsize=520:350&crop=520:350;6,0&output-format=jpg', 'https://r1imghtlak.mmtcdn.com/1f9011f8708811e78d6c0a4cef95d023.jpg?&output-quality=75&downsize=520:350&crop=520:350;2,0&output-format=jpg', 'https://r1imghtlak.mmtcdn.com/90ce7a2817ff11eabc790242ac110002.jpg?&output-quality=75&downsize=520:350&crop=520:350;115,0&output-format=jpg', 'Room Size: 144 sq.ft.\r\nBed Type: King Bed\r\nView: Garden View\r\nAir Conditioning (Room controlled)\r\nTV'),
('4', '401', 'Suite', '11300', 'http://www.lakepicholahotel.in/wp-content/uploads/2017/03/SUITE-2.jpg', 'http://www.lakepicholahotel.in/wp-content/uploads/2017/03/SUITE-ROOM-3.jpg', 'http://www.lakepicholahotel.in/wp-content/uploads/2017/03/SUITE-8.jpg', 'They feature a bedroom, two balconies each having a traditional swing and a day mattress for relaxing. It also has a living room sitting where you enjoy tea/coffee and snacks.');
INSERT INTO `roomlisting` (`hotel_id`, `room_id`, `room_type`, `room_price`, `img1`, `img2`, `img3`, `room_description`) VALUES
('4', '402', 'Deluxe', '7000', 'http://www.lakepicholahotel.in/wp-content/uploads/2017/03/DELUXE-ROOM-2.jpg', 'http://www.lakepicholahotel.in/wp-content/uploads/2017/03/DELUXE-ROOM-1.jpg', 'http://www.lakepicholahotel.in/wp-content/uploads/2017/03/DELUXE-ROOM-BALCONY.jpg', 'Decorated in warm earthy palette, with handcrafted furniture and king or twin beds, these rooms are ornate with local artworks and offer all modern conveniences.'),
('4', '403', 'Standard', '4700', 'http://www.lakepicholahotel.in/wp-content/uploads/2017/03/STANDARD-ROOM-1.jpg', 'http://www.lakepicholahotel.in/wp-content/uploads/2017/03/STANDARD-ROOM.jpg', '', 'Standard Rooms offer refreshing views of medieval courtyards and landscaped gardens.\r\nwhere you can spot wide variety of our resident local birds.'),
('41', '4101', 'Non A/C Deluxe Cottages', '1547', 'http://www.thebrookville.com/images/Rooms/tent1.jpg', 'http://www.thebrookville.com/images/Rooms/swiss-tent.jpg', 'http://www.thebrookville.com/images/Rooms/tent2.jpg', 'The Deluxe Swiss tent offers you spacious and elegant comfort with the option of AC and Non AC. The Swiss tent has attached large toilet and bathrooms with 24 hours hot and cold running water. '),
('42', '4201', 'Suite Room', '3761', 'http://www.wildflowerresort.com/images/sliderimage/suit2.jpg', 'http://www.wildflowerresort.com/images/sliderimage/suit5.jpg', 'http://www.wildflowerresort.com/images/sliderimage/suit1.jpg', 'The luxury suites feature a sitting room with cozy sofas and a large window overlooking the hills and gardens. The bed room has king sized bed with premium pillow-top spring mattress, nightstands, sofa chairs, coffee table, writing desk, dressing table.'),
('42', '4202', 'Deluxe room', '2595', 'http://www.wildflowerresort.com/images/bg-deluxe-room.jpg', 'http://www.wildflowerresort.com/images/delux3.jpg', 'http://www.wildflowerresort.com/images/delux1.jpg', 'Spacious and well appointed with hand-crafted Queen Anne’s design furniture including a large double / twin beds, nightstands, cozy Sofas, coffee table, writing desk, dressing table, wardrobe, thick pillow-top spring mattress'),
('43', '4301', 'Cottage', '2973', 'https://r1imghtlak.mmtcdn.com/1f5f51d09f4811e9b1a00242ac110002.jpg?&output-quality=75&downsize=520:350&crop=520:350;2,0&output-format=jpg', 'https://r1imghtlak.mmtcdn.com/83de0166a00a11e99e030242ac110003.jpg?&output-quality=75&downsize=520:350&crop=520:350;2,0&output-format=jpg', 'https://r2imghtlak.mmtcdn.com/r2-mmt-htl-image/201509151120509823-9d54e6c8a00a11e9b0700242ac110002.jpg?&output-quality=75&downsize=520:350&crop=520:350;2,0&output-format=jpg', 'The ten luxury cottages are equipped with all the modern amenities like intercom, tea/ coffee making facility, work desk, sit-out and bath with two shower areas of which one is out door under the sky. '),
('44', '4401', 'Cottages', '3924', 'https://res.cloudinary.com/simplotel/image/upload/x_0,y_188,w_3600,h_2024,r_0,c_crop,q_60,fl_progressive/w_960,f_auto,c_fit/rosa-bandhavgarh-meadows-bandhavgarh/Cottage_2_u7qxac', 'https://res.cloudinary.com/simplotel/image/upload/x_0,y_188,w_3600,h_2024,r_0,c_crop,q_60,fl_progressive/w_960,f_auto,c_fit/rosa-bandhavgarh-meadows-bandhavgarh/Cottage_1_z46f5u', 'https://r1imghtlak.mmtcdn.com/75a5473e376911ea873c0242ac110004.jpg?&output-quality=75&downsize=520:350&crop=520:350;0,20&output-format=jpg', 'The Cottages at Rosa Bandhavgarh Meadows are intricately designed to give you the best possible chance of experiencing nature at its finest.'),
('44', '4402', 'Villas', '4134', 'https://q-cf.bstatic.com/xdata/images/hotel/max1024x768/212366709.jpg?k=bf17984376661c78590701fcb16f4b50d5bb62788cde924c2d481d8e65fb792c&o=', 'https://q-cf.bstatic.com/xdata/images/hotel/max1024x768/232982023.jpg?k=338ab930c875b88eee002e7948f49987eebbe9d2726df4aa681e27b1a30f0156&o=', 'https://r-cf.bstatic.com/xdata/images/hotel/max1024x768/232982035.jpg?k=019fa4bd28e9c57c981215e2f026e4e7e133baffe73a8fd647c585d8a0b47729&o=', 'Each Villa at Rosa Bandhavgarh Meadows - our wildlife resort in Bandhavgarh, has a panoramic view of the jungle that can be enjoyed from the comfort of your bed through a glass wall. It also features a private sit out area.'),
('45', '4501', 'Budget Twin Room', '2499', 'https://q-xx.bstatic.com/xdata/images/hotel/max500/122010898.jpg?k=09aeb65528c71946a1f4561c0ac222663a4464c640652700d170d0953d405bcf&o=', 'https://q-xx.bstatic.com/xdata/images/hotel/max500/166712101.jpg?k=40197b5e11cb275cb24013ac078c099a58c3969c0743a2d4f044c3ff7e44b2d2&o=', 'https://q-xx.bstatic.com/xdata/images/hotel/max500/122080925.jpg?k=279f42e19560031f40631accb69fede18ac6128af4a0a1ea40b7bdef583fa8d2&o=', 'With thatched roof, are raised on 4 feet high stilts above the ground which is called “Chang Ghar (house)” in local language and made of bamboo,Ikora (Long grass) and wood with mud clad wall. Total floor area is 288 sq feet including Modern bathroom.'),
('45', '4502', 'Standard Twin Room', '2800', 'https://q-xx.bstatic.com/xdata/images/hotel/max500/166715505.jpg?k=3df2ef60c7688e31ab2576b44e8d83680cd833401b43a183cff26228ca2c5dd2&o=', 'https://q-xx.bstatic.com/xdata/images/hotel/max500/166713263.jpg?k=c269f828fb71e558833e1a64406539416fbbf5bb5864941faf16ebe5703fdbf6&o=', 'https://q-xx.bstatic.com/xdata/images/hotel/max500/122012956.jpg?k=5e4eb948d840b8f8afccbfe75931b3158d610f0b1abab5d505ba28d8671c8ca9&o=', 'These cottages are at a ground level with a total floor area 308 sq feet. Roofed with CGI sheet, the room has Bamboo Ply wall and Tiled floor.'),
('45', '4503', 'Deluxe King Room', '3300', 'https://q-xx.bstatic.com/xdata/images/hotel/max500/166724436.jpg?k=0671ef3402ea6419de1f54c3570aa4eebbb987fff030c2ed2231aaed7bebe16c&o=', 'https://q-xx.bstatic.com/xdata/images/hotel/max500/122011372.jpg?k=e043501faa76f18326c97ce1ac2fa2f04ff4ccac113ca4350e58530d01115f65&o=', 'https://q-xx.bstatic.com/xdata/images/hotel/max500/122046686.jpg?k=fcabe5b31fe27def08d6b961b404f9977f2f1843efe0bf438e7b35a1a13e119e&o=', 'Raised on 6 feets high stilts above the ground, Hybrid Bamboo Cottage has total floor area 378sq feet each.Roofed with CGI sheet, the room has Bamboo Ply wall, GreenCarpeted Floor, King sized twin sharing Bed, dressing room, Modern Bathroom and a Verandah'),
('45', '4504', '4-Bed Mixed Dormitory Room', '4800', 'https://q-xx.bstatic.com/xdata/images/hotel/max500/166711710.jpg?k=57516cc2ce53da96163e1114494d34243839ce0e7290396b19fc24dd845a7029&o=', 'https://q-xx.bstatic.com/xdata/images/hotel/max500/166722500.jpg?k=0f4e51028f7118333b5ebf4c635e224cd8704bbbb8e32d56ef8b08428a94ebbe&o=', 'https://q-xx.bstatic.com/xdata/images/hotel/max500/166711593.jpg?k=3f1075f704ce9aebdefb1af9b010ecbbf297501e78afda22f234dbb66d046036&o=', 'Floor area of 450 sq feet, it is attached with Toilet, Bath and washroom. The room is well carpeted with mattresses on floor for each person to sleep.It has front Big sized Verandah with easy chairs where one can very well enjoy the feel of nature.'),
('46', '4601', 'Luxury Rooms', '6500', 'https://iorahotels.com/iora-the-retreat-kaziranga/assets/images/luxury/l2.jpg', 'https://iorahotels.com/iora-the-retreat-kaziranga/assets/images/luxury/l03.jpg', 'https://iorahotels.com/iora-the-retreat-kaziranga/assets/images/luxury/l1.jpg', 'The 34 luxury rooms are creatively designed to blend the local culture of the region with luxurious comfort.'),
('46', '4602', 'Supreme Rooms', '9000', 'https://iorahotels.com/iora-the-retreat-kaziranga/assets/images/supreme/s1.jpg', 'https://iorahotels.com/iora-the-retreat-kaziranga/assets/images/supreme/s2.jpg', 'https://iorahotels.com/iora-the-retreat-kaziranga/assets/images/supreme/s3.jpg', 'The 4 supreme rooms are aesthetically designed and interestingly laid out with wooden stairs leading to a loft. The loft accommodates a floor bed.'),
('46', '4603', 'Keteki Suite', '18000', 'https://iorahotels.com/iora-the-retreat-kaziranga/assets/images/keteki.jpeg', 'http://kazirangasafari.com/assets/images/suite1.jpg', '', 'This suite is done up with period décor and furniture taking us back to our great- grandparents’ time.'),
('47', '4701', 'Executiive Room', '4744', 'https://r1imghtlak.mmtcdn.com/1605d8fabf7011e99d860242ac110003.jpg?&output-quality=75&downsize=520:350&crop=520:350;2,0&output-format=jpg', 'https://r1imghtlak.mmtcdn.com/3bd36714bf7011e982f40242ac110003.jpg?&output-quality=75&downsize=520:350&crop=520:350;2,0&output-format=jpg', 'https://r1imghtlak.mmtcdn.com/00f4d308bf7011e99c2c0242ac110002.jpg?&output-quality=75&downsize=520:350&crop=520:350;2,0&output-format=jpg', 'Room Size: 324 sq.ft.\r\nBed Type: 1 King bed or 2 Twin Bed(s)\r\nView: Jungle View\r\n'),
('47', '4702', 'Executive Deluxe', '6180', 'https://r1imghtlak.mmtcdn.com/9d8c4dd2bf6f11e9b9b80242ac110003.jpg?&output-quality=75&downsize=520:350&crop=520:350;2,0&output-format=jpg', 'https://r1imghtlak.mmtcdn.com/aafdb9f6bf6f11e9b15b0242ac110003.jpg?&output-quality=75&downsize=520:350&crop=520:350;2,0&output-format=jpg', 'https://r1imghtlak.mmtcdn.com/c5888260bf6f11e9b0e10242ac110002.jpg?&output-quality=75&downsize=520:350&crop=520:350;2,0&output-format=jpg', 'Room Size: 550 sq.ft.\r\nBed Type: 1 King bed or 2 Twin Bed(s)\r\nView: Jungle View'),
('47', '4703', 'Luxury Deluxe', '11860', 'https://r1imghtlak.mmtcdn.com/996f318ebf6e11e9b2b10242ac110003.jpg?&output-quality=75&downsize=520:350&crop=520:350;2,0&output-format=jpg', 'https://r1imghtlak.mmtcdn.com/abacd8e2bf6e11e987ba0242ac110002.jpg?&output-quality=75&downsize=520:350&crop=520:350;2,0&output-format=jpg', 'https://r1imghtlak.mmtcdn.com/d44691bcbf6e11e9a1750242ac110002.jpg?&output-quality=75&downsize=520:350&crop=520:350;2,0&output-format=jpg', 'Room Size: 600 sq.ft.\r\nBed Type: King Bed\r\nView: Mountain/Hill View'),
('47', '4704', 'Suite Room', '12161', 'https://r1imghtlak.mmtcdn.com/78efc766f69311e799db025f77df004f.jpg?&output-quality=75&downsize=520:350&crop=520:350;2,0&output-format=jpg', 'https://r1imghtlak.mmtcdn.com/68475144bf6f11e985040242ac110003.jpg?&output-quality=75&downsize=520:350&crop=520:350;2,0&output-format=jpg', 'https://r1imghtlak.mmtcdn.com/7b3e1602bf6f11e997a20242ac110002.jpg?&output-quality=75&downsize=520:350&crop=520:350;2,0&output-format=jpg', 'Room Size: 1000 sq.ft.\r\nBed Type: King Bed\r\nView: Jungle View'),
('48', '4801', 'Wilderness Room', '3283', 'https://www.acornhotels.in/wp-content/uploads/2020/02/Wildreness-room02.jpg', 'https://www.acornhotels.in/wp-content/uploads/2020/02/Wildreness-room01.jpg', 'https://www.acornhotels.in/wp-content/uploads/2020/02/Wildreness-room03.jpg', 'Spread over two floors, our uniquely designed cluster of 8 individual Wilderness Rooms offer you sumptuously appointed living spaces and deliciously comfortable bedrooms'),
('48', '4802', 'Luxe Room', '3648', 'https://www.acornhotels.in/wp-content/uploads/2020/02/Luxe-room-03.jpg', 'https://www.acornhotels.in/wp-content/uploads/2020/02/Luxe-room-02.jpg', 'https://www.acornhotels.in/wp-content/uploads/2020/02/Luxe-room-01.jpg', 'The sophisticated grandiose accommodation in our Luxe Rooms redefine the words comfort and indulgence. With sumptuous interiors that reflect a warm sensitivity, each exquisitely furnished room draws you in its spell with the choicest of views'),
('48', '4803', 'Acorn Suites', '4012', 'https://www.acornhotels.in/wp-content/uploads/2020/02/acorn-suite-room-01.jpg', 'https://www.acornhotels.in/wp-content/uploads/2020/02/acorn-suite-room-02.jpg', 'https://www.acornhotels.in/wp-content/uploads/2020/02/acorn-suite-room-03.jpg', 'Luxurious, spacious and elegant, our thoughtfully- crafted Acorn Suites include a master bedroom and a distinct living-room with a comfortable sleeper-sofa; giving you plenty of room for family, work or both.  '),
('48', '4804', 'Acorn Family Suite', '9848', 'https://www.acornhotels.in/wp-content/uploads/2017/12/afs.jpg', 'https://www.acornhotels.in/wp-content/uploads/2017/12/afs-g1.jpg', 'https://www.acornhotels.in/wp-content/uploads/2017/12/afs-g3.jpg', 'Perhaps the most opulent ode to privacy, each of our Family Suites come with two palatial bedrooms with individually attached bathrooms, a large living room and outdoor seating area and a personal kitchen garden'),
('49', '4901', 'Premium Room', '2496', 'https://res.cloudinary.com/simplotel/image/upload/x_0,y_218,w_4288,h_2412,r_0,c_crop,q_60,fl_progressive/w_960,f_auto,c_fit/le-roi-corbett/premium_rooms_13_leroi_corbett_hotel_freamf', 'https://res.cloudinary.com/simplotel/image/upload/x_0,y_218,w_4288,h_2412,r_0,c_crop,q_60,fl_progressive/w_960,f_auto,c_fit/le-roi-corbett/premium_rooms_9_leroi_corbett_hotel_z316l0', 'https://res.cloudinary.com/simplotel/image/upload/x_0,y_198,w_4236,h_2383,r_0,c_crop,q_60,fl_progressive/w_960,f_auto,c_fit/le-roi-corbett/bath_room_1_leroi_corbett_hotel_irucs7', 'The Le ROI Corbett Resort has 36 beautifully designed premium rooms with modern amenities, wooden flooring, big glass windows, private balconies and ample fresh air - to allow you to unwind in the midst of nature. '),
('50', '5001', 'Creek Room', '3188', 'https://r2imghtlak.mmtcdn.com/r2-mmt-htl-image/201212271137538604-b88aec7442ed11e8abed0241d07d877a.jpg?&output-quality=75&downsize=520:350&crop=520:350;0,4&output-format=jpg', 'https://r2imghtlak.mmtcdn.com/r2-mmt-htl-image/201212271137538604-bd55acc642ed11e8b0c40ac3784eccf2.jpg?&output-quality=75&downsize=520:350&crop=520:350;0,4&output-format=jpg', 'https://r2imghtlak.mmtcdn.com/r2-mmt-htl-image/201212271137538604-b255d3aa42ed11e8ba990241d07d877a.jpg?&output-quality=75&downsize=520:350&crop=520:350;0,4&output-format=jpg', 'Bed Type: Double Bed\r\nInterconnected Room\r\n24-hour Room Service\r\nAir Conditioning (Room controlled)\r\nHeater\r\nElectric Kettle'),
('50', '5002', 'Family Suite', '4250', 'https://r1imghtlak.mmtcdn.com/af5d7c56b1b011e4960a5ee5da2daa2a.jfif?&output-quality=75&downsize=520:350&crop=520:350;74,0&output-format=jpg', 'https://r2imghtlak.mmtcdn.com/r2-mmt-htl-image/201212271137538604-592666d042ef11e8b9ac0acbea283030.jpg?&output-quality=75&downsize=520:350&crop=520:350;0,4&output-format=jpg', 'https://r2imghtlak.mmtcdn.com/r2-mmt-htl-image/201212271137538604-c189fc5a42ef11e8b9790ac3784eccf2.jpg?&output-quality=75&downsize=520:350&crop=520:350;0,4&output-format=jpg', 'Bed Type: Double Bed\r\nRoom Service\r\nAir Conditioning (Room controlled)\r\nHeater\r\nElectric Kettle\r\nWork Desk'),
('50', '5003', 'Creek Luxury Room', '4517', 'https://r2imghtlak.mmtcdn.com/r2-mmt-htl-image/201212271137538604-65998a5442f011e8868502f8500f6bfa.jpg?&output-quality=75&downsize=520:350&crop=520:350;2,0&output-format=jpg', 'https://r2imghtlak.mmtcdn.com/r2-mmt-htl-image/201212271137538604-7b601b4642f011e8ad6c0af5a9a02220.jpg?&output-quality=75&downsize=520:350&crop=520:350;2,0&output-format=jpg', 'https://r2imghtlak.mmtcdn.com/r2-mmt-htl-image/201212271137538604-935ec8a842f211e8bdf80a9df65c8753.jpg?&output-quality=75&downsize=520:350&crop=520:350;2,0&output-format=jpg', 'Room Size: 300 sq.ft.\r\nBed Type: King Bed\r\nRoom Service\r\nAir Conditioning (Room controlled)\r\nHeater\r\nElectric Kettle'),
('5', '501', 'Standard', '4795', 'http://www.jaiwanahaveli.com/pic16.jpg', 'http://www.jaiwanahaveli.com/pic17.jpg', 'http://www.jaiwanahaveli.com/pic8.jpg', 'All rooms in the hotel are standard rooms and offer basic amenities.The hotel offers a breathtaking view of the famous lake Pichola and surrounding Aravali hill ranges from its terrace.'),
('51', '5101', 'Deluxe Room (Twin Bed)', '1738', 'https://res.cloudinary.com/simplotel/image/upload/w_5000,h_3333/x_0,y_260,w_5000,h_2813,r_0,c_crop,q_60,fl_progressive/w_960,f_auto,c_fit/genx-vadodara/Deluxe_Room_5_zfw9wa', 'https://res.cloudinary.com/simplotel/image/upload/w_5000,h_3333/x_0,y_260,w_5000,h_2813,r_0,c_crop,q_60,fl_progressive/w_960,f_auto,c_fit/genx-vadodara/Executive_Room_3_daih38', 'https://res.cloudinary.com/simplotel/image/upload/w_5000,h_3363/x_0,y_275,w_5000,h_2813,r_0,c_crop,q_60,fl_progressive/w_960,f_auto,c_fit/genx-vadodara/Deluxe_Room_3_tmuyma', 'Deluxe Rooms at GenX Vadodara Hotel are spaciously built and elegantly furnished. These rooms are modern yet simple in design. The rooms offer comfy twin beds that provide guests comfort and convenience.'),
('51', '5102', 'Executive Room [King Bed]', '1850', 'https://res.cloudinary.com/simplotel/image/upload/w_5000,h_3333/x_0,y_260,w_5000,h_2813,r_0,c_crop,q_60,fl_progressive/w_960,f_auto,c_fit/genx-vadodara/Executive_Room_5_ayxyut', 'https://res.cloudinary.com/simplotel/image/upload/w_5000,h_3333/x_0,y_260,w_5000,h_2813,r_0,c_crop,q_60,fl_progressive/w_960,f_auto,c_fit/genx-vadodara/Executive_Room_6_nbglwx', 'https://res.cloudinary.com/simplotel/image/upload/w_5000,h_3333/x_0,y_260,w_5000,h_2813,r_0,c_crop,q_60,fl_progressive/w_960,f_auto,c_fit/genx-vadodara/Executive_Room_3_n8751j', 'Executive Rooms at GenX Vadodara offer the best of comfort. Tastefully furnished, these rooms are modern yet simple and offer a better view of the city. Equipped with standard amenities, these rooms are guaranteed to provide guests a delightful stay. '),
('52', '5201', 'Deluxe room', '1772', 'https://www.royalorchidhotels.com/images/Rooms/19W_Feb_2018_05_44_38deluxe-master%20bed.jpg', 'https://r1imghtlak.mmtcdn.com/beb6b5867d9711e7bc9f025f77df004f.jpg?&output-quality=75&downsize=520:350&crop=520:350;2,0&output-format=jpg', 'https://r2imghtlak.mmtcdn.com/r2-mmt-htl-image/201612171213565858-5f1ae3b419ff11e796d102755708f0b3.jpg?&output-quality=75&downsize=520:350&crop=520:350;81,0&output-format=jpg', 'Hotel Regenta Inn consists of 33 Deluxe Rooms. These rooms comprise of a double sized bed, sitting area, working area, LED TV and a mini bar within a space of 190 sq. ft.'),
('52', '5202', 'Superior room', '1713', 'https://www.royalorchidhotels.com/images/Rooms/19W_Feb_2018_05_46_29superior.jpg', 'https://r1imghtlak.mmtcdn.com/b301e33c19a811eab59d0242ac110002.jpg?&output-quality=75&downsize=520:350&crop=520:350;0,20&output-format=jpg', 'https://r2imghtlak.mmtcdn.com/r2-mmt-htl-image/201612171213565858-c557e59a19a811eab3170242ac110006.jpg?&output-quality=75&downsize=520:350&crop=520:350;40,0&output-format=jpg', 'Hotel Regenta Inn has 52 superior rooms offering an accommodation for 3-4 people in each of them.Superior rooms provide a space of 240 sq. ft., with a window offering the city view.'),
('52', '5203', 'Studio Suite', '2717', 'https://www.royalorchidhotels.com/images/Rooms/19W_Feb_2018_05_47_57studio%20-suite.jpg', 'https://r1imghtlak.mmtcdn.com/c31786e818bb11ea88410242ac110002.jpg?&output-quality=75&downsize=520:350&crop=520:350;0,20&output-format=jpg', 'https://r1imghtlak.mmtcdn.com/91d083c4181f11eaa2c90242ac110002.jpg?&output-quality=75&downsize=520:350&crop=520:350;0,20&output-format=jpg', 'The 4 studio suites of this hotel are built in an area of 370 sq. ft. These spaciously built rooms are styled by synchronizing the carpets and wall arts. '),
('53', '5301', 'Winter Green Room', '2421', 'https://www.fernhotels.com/assets/img/stay/image1_2018-05-03-12-33-59_5aeb01b7852a5.jpg', 'https://r-cf.bstatic.com/xdata/images/hotel/max1024x768/145485866.jpg?k=c381db6aebf4fd6da14a84a9fb2c27cb5fae14fd81578249635913724cbe89f7&o=', 'https://q-cf.bstatic.com/xdata/images/hotel/max1024x768/145485854.jpg?k=a8eb52a640ff31ccfe0eedb7bb2e4a312ef969dcbf30a8aeb0aca5a33ea90964&o=', 'The 290 sq ft rooms are a perfect blend of classic charm and contemporary luxury, with options of King Twin-bedded rooms. All 68 rooms are equipped with all modern amenities.\r\n'),
('53', '5302', 'Fern Club Room', '4294', 'https://r-cf.bstatic.com/xdata/images/hotel/max1024x768/145481205.jpg?k=71090b16ee0c4073dea6102b37a5130b018a049f973491d925e2c0f5adf6a0c2&o=', 'https://q-cf.bstatic.com/xdata/images/hotel/max1024x768/145484671.jpg?k=cc9338d1591f50b6679d08825495c9c2c212e6eb17a1c01cadb34f46482210b9&o=', 'https://r-cf.bstatic.com/xdata/images/hotel/max1024x768/132510878.jpg?k=27307a353dc670466d80d08d907774961982d65a24b56c6d2ccdd9f71c2bbe55&o=', '350 Sq Ft Fern Club room envelops you in luxury and space when you set foot in. With its enhanced business facilities, spacious working desk, comfortable lounge sofas and spacious bathroom, the Fern Club rooms offer its occupants a perfect luxury.'),
('54', '5401', 'Studio Twin Room', '4650', 'https://cdn.galaxy.tf/thumb/sizeW555/unit-media/tc-default/uploads/images/room_photo/001/561/601/twin-studio-3-standard.jpg', 'https://cdn.galaxy.tf/thumb/sizeW555/unit-media/tc-default/uploads/images/room_photo/001/561/601/twin-studio-1-standard.jpg', '', 'Furnished with two wide individual beds, these 27sqm rooms at Eastin Residences Vadodara include a lounge area, sofa cum bed, walk-in wardrobe, kitchenette with microwave, refrigerator and heating facility'),
('54', '5402', 'Studio King Room', '4650', 'https://cdn.galaxy.tf/thumb/sizeW555/unit-media/tc-default/uploads/images/room_photo/001/561/601/king-studio-standard.jpg', 'https://r1imghtlak.mmtcdn.com/33d507926b8111e78ed20a4cef95d023.jpg?&output-quality=75&downsize=520:350&crop=520:350;2,0&output-format=jpg', 'https://r1imghtlak.mmtcdn.com/5f03543631fe11e6879f0022195573b9.jfif?&output-quality=75&downsize=520:350&crop=520:350;2,0&output-format=jpg', 'Furnished with a single large king bed, these 27 sqm rooms at Eastin Residences Vadodara include lounge area, sofa cum bed, walk-in wardrobe, kitchenette with microwave, refrigerator and heating facility, bedding with 10 inch mattresses.'),
('54', '5403', 'Deluxe Studio Room', '5050', 'https://cdn.galaxy.tf/thumb/sizeW555/unit-media/tc-default/uploads/images/room_photo/001/561/601/deluxe-studio-3-standard.jpg', 'https://cdn.galaxy.tf/thumb/sizeW555/unit-media/tc-default/uploads/images/room_photo/001/561/601/deluxe-studio-1-standard.jpg', 'https://r1imghtlak.mmtcdn.com/3905b5fe6b8111e7915e0a4cef95d023.jpg?&output-quality=75&downsize=520:350&crop=520:350;2,0&output-format=jpg', 'Eastin Residences Vadodara’s deluxe studios are fully furnished for daily rental and long stay with deluxe amenities. These studios include lounge area, kitchenette with microwave, refrigerator and heating facility, luxury king beddings'),
('54', '5404', 'Suite Room', '5825', 'https://cdn.galaxy.tf/thumb/sizeW555/unit-media/tc-default/uploads/images/room_photo/001/561/601/one-bedroom-apartment-1-standard.jpg', 'https://cdn.galaxy.tf/thumb/sizeW555/unit-media/tc-default/uploads/images/room_photo/001/561/601/one-bedroom-apartment-2-standard.jpg', 'https://cdn.galaxy.tf/thumb/sizeW555/unit-media/tc-default/uploads/images/room_photo/001/561/601/one-bedroom-apartment-3-standard.jpg', 'Suites at Eastin Residences Vadodara offers a combination of a living room and a private bedroom with separate access. Ideal for long-stays, these Suites include, lounge area, kitchenette with microwave, refrigerator and heating facility, luxury beddings '),
('6', '601', 'Superior King', '4500', 'https://media-cdn.tripadvisor.com/media/photo-w/11/42/d6/ec/superior-king.jpg', 'https://media-cdn.tripadvisor.com/media/photo-w/11/42/d7/3b/superior-king.jpg', 'https://media-cdn.tripadvisor.com/media/photo-m/1280/16/9f/08/12/king-size-bed.jpg', 'Bright interiors, stylish designs, sea breeze and pleasing lighting.'),
('6', '602', 'Studio Suite', '4950', 'https://media-cdn.tripadvisor.com/media/photo-w/11/42/d9/20/studio-suite.jpg', 'https://media-cdn.tripadvisor.com/media/photo-w/11/42/d8/6e/studio-suite.jpg', 'https://r1imghtlak.mmtcdn.com/3fce0aa4fefe11e9842d0242ac110003.jpg?&output-quality=75&downsize=520:350&crop=520:350;0,20&output-format=jpg', 'Large, well-designed Studio Suite, includes living room, bed room with bathroom and a balcony.'),
('6', '603', 'Deluxe Suite', '5400', 'https://media-cdn.tripadvisor.com/media/photo-w/11/42/da/0b/studio-suite.jpg', 'https://media-cdn.tripadvisor.com/media/photo-w/11/42/d9/84/studio-suite.jpg', 'https://r-cf.bstatic.com/images/hotel/max1024x768/119/119399362.jpg', 'Spoil yourself in this 400 sqft one bedroom Deluxe Suite which comes with a Living Room, a bed room with bathroom and 02 spacious balconies.'),
('6', '604', 'Premium Suite', '5850', 'https://pix6.agoda.net/hotelImages/2727937/-1/a38897cd978b84873b22eeba378c3066.jpg?s=1024x768', 'https://q-cf.bstatic.com/images/hotel/max1024x768/122/122944234.jpg', 'https://r1imghtlak.mmtcdn.com/7662c500ff8511e9b8fb0242ac110002.jpg?&output-quality=75&downsize=520:350&crop=520:350;2,0&output-format=jpg', 'Spoil yourself in this 450 sqft one bedroom Suite which comes with a Living Room, a bed room with bathroom and a bath tub with luxurious comfort with a soaking tub for two and 02 spacious balconies.'),
('7', '701', 'Superior', '4845', 'https://www.lemontreehotels.com/getattachment/327bffe6-0e1c-4863-849a-135ea79df97c/.aspx', 'https://media-cdn.tripadvisor.com/media/oyster/890/0b/3f/a6/5b/superior-room--v12341728.jpg', 'https://media-cdn.tripadvisor.com/media/oyster/890/0b/3f/a6/58/superior-room--v12341946.jpg', 'These contemporary rooms have a sit-out area attached and room block faces the swimming pool'),
('7', '702', 'Deluxe ', '5732', 'https://www.lemontreehotels.com/getattachment/d17784cd-baa8-4e08-8fd0-4a39cce1a31b/.aspx', 'https://media-cdn.tripadvisor.com/media/oyster/890/0b/3f/a5/7c/deluxe-room--v12341438.jpg', 'https://media-cdn.tripadvisor.com/media/oyster/890/0b/3f/a5/63/deluxe-room--v12341992.jpg', 'These spacious rooms are equipped with facilities like free WiFi 24x7*, tea/ coffee maker, electronic safe and minibar. They come with a King bed.'),
('7', '703', 'Heritage', '8907', 'https://www.lemontreehotels.com/getattachment/84aa46b2-7c95-4714-9557-1776f9552f6a/.aspx', 'https://r1imghtlak.mmtcdn.com/ea85c21a4fd611eab32a0242ac11000a.jpg?&output-quality=75&downsize=520:350&crop=520:350;0,20&output-format=jpg', 'https://r1imghtlak.mmtcdn.com/ea08c7424fd611ea9bf00242ac110009.jpg?&output-quality=75&downsize=520:350&crop=520:350;0,20&output-format=jpg', 'These large rooms are inside a restored century old Portuguese mansion. A unique feature of this hotel, these magnificent rooms offer a great view of the manicured gardens.'),
('7', '704', 'Heritage Studio', '12619', 'https://r2imghtlak.mmtcdn.com/r2-mmt-htl-image/200705090718362615-706f9c5a788e11e9a4b20242ac110004.jpg?&output-quality=75&downsize=520:350&crop=520:350;2,0&output-format=jpg', 'https://r2imghtlak.mmtcdn.com/r2-mmt-htl-image/200705090718362615-8637b496788e11e9a5670242ac110002.jpg?&output-quality=75&downsize=520:350&crop=520:350;2,0&output-format=jpg', 'https://r1imghtlak.mmtcdn.com/ffd8f93e4fd611ea896d0242ac110007.jpg?&output-quality=75&downsize=520:350&crop=520:350;0,20&output-format=jpg', 'Similar to Heritage rooms, these rooms are part of the restored Portuguese mansion. High ceilings, spacious and ergonomically designed with a view of our manicured gardens, these rooms feature a living room and bedroom into a duplex room type.'),
('8', '801', 'Superior ', '5049', 'https://r1imghtlak.mmtcdn.com/c24a2a2c4fc511eaa0e40242ac110003.jpg?&output-quality=75&downsize=520:350&crop=520:350;0,20&output-format=jpg', 'https://r1imghtlak.mmtcdn.com/67dd92b47d9911e783b90a4cef95d023.jpg?&output-quality=75&downsize=520:350&crop=520:350;2,0&output-format=jpg', 'https://r1imghtlak.mmtcdn.com/6da28a607d9911e789f00a4cef95d023.jpg?&output-quality=75&downsize=520:350&crop=520:350;2,0&output-format=jpg', 'Our superior room features an expanded floor plan and convenient amenities like individual room climate control and a dual-line phone with a dataport and international direct dialling. '),
('8', '802', 'Deluxe', '6399', 'https://r1imghtlak.mmtcdn.com/7e89b8947d9911e790c40a4cef95d023.jpg?&output-quality=75&downsize=520:350&crop=520:350;2,0&output-format=jpg', 'https://r1imghtlak.mmtcdn.com/61f662407d9911e7bf27025f77df004f.jpg?&output-quality=75&downsize=520:350&crop=520:350;2,0&output-format=jpg', 'https://r1imghtlak.mmtcdn.com/89a2d3404fc511eabea40242ac110003.jpg?&output-quality=75&downsize=520:350&crop=520:350;0,20&output-format=jpg', 'Find your Panjim oasis in our deluxe room, which boasts amenities like a plush king bed, a stylish seating area and a whirlpool with a rain shower. You can keep the room at a comfortable temperature using individual room climate control.'),
('8', '803', 'Junior Suite', '7299', 'https://r1imghtlak.mmtcdn.com/23573ef2978811e787b40224510f5e5b.jpg?&output-quality=75&downsize=520:350&crop=520:350;2,0&output-format=jpg', 'https://r1imghtlak.mmtcdn.com/a4ef75f44fc511eaaf8a0242ac110002.jpg?&output-quality=75&downsize=520:350&crop=520:350;0,20&output-format=jpg', 'https://r1imghtlak.mmtcdn.com/a58599084fc511ea81100242ac110003.jpg?&output-quality=75&downsize=520:350&crop=520:350;0,20&output-format=jpg', 'Wake up refreshed in a king bed and sip on your coffee while you enjoy views of the Mandovi River in our junior suite. You can relax with a soak in the whirlpool that includes a rain shower.'),
('9', '901', 'Royal Deluxe', '5999', 'http://kostamarbeachresort.com/assets/rooms/royal-deluxe/001.png', 'http://kostamarbeachresort.com/assets/rooms/royal-deluxe/002.png', 'https://ui.cltpstatic.com/places/hotels/8677/867786/images/0e4aa7f401ce11e492d7baaf629e9523_w.jpeg', 'Fireplace,Internet,Living Room,Newspaper,Hair Dryer'),
('9', '902', 'Royal Villa', '6999', 'https://r1imghtlak.mmtcdn.com/b77430be2d9b11e89a640224510f5e5b.jfif?&output-quality=75&downsize=520:350&crop=520:350;4,0&output-format=jpg', 'https://r1imghtlak.mmtcdn.com/e4bcba88736411e7ad67025f77df004f.jpg?&output-quality=75&downsize=520:350&crop=520:350;2,0&output-format=jpg', 'https://r1imghtlak.mmtcdn.com/c7d2008a4aeb11e98b0f0242ac110003.jfif?&output-quality=75&downsize=520:350&crop=520:350;0,5&output-format=jpg', 'Fireplace,Internet,Living Room,Newspaper,Hair Dryer'),
('H502', 'R45', 'King', '2500', 'pick1.jpg', 'pick2.jpg', 'pick3.jpg', 'Sample Room');

-- --------------------------------------------------------

--
-- Table structure for table `user`
--

CREATE TABLE IF NOT EXISTS `user` (
  `user_id` varchar(12) NOT NULL,
  `user_password` varchar(20) NOT NULL,
  `contact_no` varchar(255) NOT NULL,
  `email` varchar(25) NOT NULL,
  PRIMARY KEY (`user_id`)
) ENGINE=InnoDB DEFAULT CHARSET=latin1;

--
-- Dumping data for table `user`
--

INSERT INTO `user` (`user_id`, `user_password`, `contact_no`, `email`) VALUES
('U0003', 'rajiv', '2147483647', 'rajiv@gmail.com'),
('U0004', 'kenal', '8160319254', 'kenal@gmail.com'),
('U0005', 'hemal', '8799945102', 'hemal@gmail.com'),
('U0008', 'rahul', '8160354252', 'rahul@gmail.com');

-- --------------------------------------------------------

--
-- Table structure for table `user_info`
--

CREATE TABLE IF NOT EXISTS `user_info` (
  `user_id` int(12) NOT NULL AUTO_INCREMENT,
  `user_name` varchar(255) NOT NULL,
  `email` varchar(255) NOT NULL,
  `contact_no` varchar(255) NOT NULL,
  `dob` varchar(255) NOT NULL,
  `gender` varchar(255) NOT NULL,
  `user_password` varchar(255) NOT NULL,
  `profile_pic` varchar(255) NOT NULL,
  PRIMARY KEY (`user_id`)
) ENGINE=InnoDB  DEFAULT CHARSET=latin1 AUTO_INCREMENT=7 ;

--
-- Dumping data for table `user_info`
--

INSERT INTO `user_info` (`user_id`, `user_name`, `email`, `contact_no`, `dob`, `gender`, `user_password`, `profile_pic`) VALUES
(3, 'Urvish', 'rajiv@gmail.com', '9727781834', '1998-01-09', 'Male', 'rajiv@123', ''),
(4, 'Harsh', 'harsh@gmail.com', '8796522554', '10-03-1998', 'Male', 'harsh@123', ''),
(5, 'Rahul', 'rahul@gmail.com', '8156087690', '1998-01-14', 'Male', 'rahul@123', ''),
(6, 'Nirmal', 'nirmal.dmpatel2198@gmail.com', '8160319212', '1998-02-21', 'Male', 'nirmal2198', 'C:\\Users\\HP\\Desktop\\Project details\\Profile.jpg');

/*!40101 SET CHARACTER_SET_CLIENT=@OLD_CHARACTER_SET_CLIENT */;
/*!40101 SET CHARACTER_SET_RESULTS=@OLD_CHARACTER_SET_RESULTS */;
/*!40101 SET COLLATION_CONNECTION=@OLD_COLLATION_CONNECTION */;
